Weapon,Skin,Link,Low Float Cap,High Float Cap
CZ75-Auto,Victoria,https://csgostash.com/skin/262/CZ75-Auto-Victoria,0.00,0.75
CZ75-Auto,Xiangliu,https://csgostash.com/skin/846/CZ75-Auto-Xiangliu,0.00,0.56
CZ75-Auto,Yellow Jacket,https://csgostash.com/skin/572/CZ75-Auto-Yellow-Jacket,0.00,1.00
CZ75-Auto,The Fuschia Is Now,https://csgostash.com/skin/260/CZ75-Auto-The-Fuschia-Is-Now,0.00,0.40
CZ75-Auto,Eco,https://csgostash.com/skin/938/CZ75-Auto-Eco,0.00,1.00
CZ75-Auto,Tacticat,https://csgostash.com/skin/906/CZ75-Auto-Tacticat,0.00,0.70
CZ75-Auto,Red Astor,https://csgostash.com/skin/737/CZ75-Auto-Red-Astor,0.00,1.00
CZ75-Auto,Pole Position,https://csgostash.com/skin/559/CZ75-Auto-Pole-Position,0.00,0.70
CZ75-Auto,Tigris,https://csgostash.com/skin/401/CZ75-Auto-Tigris,0.00,1.00
CZ75-Auto,Tread Plate,https://csgostash.com/skin/256/CZ75-Auto-Tread-Plate,0.00,0.20
CZ75-Auto,Syndicate,https://csgostash.com/skin/1424/CZ75-Auto-Syndicate,0.00,0.70
CZ75-Auto,Chalice,https://csgostash.com/skin/436/CZ75-Auto-Chalice,0.00,0.10
CZ75-Auto,Circaetus,https://csgostash.com/skin/1367/CZ75-Auto-Circaetus,0.00,0.90
CZ75-Auto,Vendetta,https://csgostash.com/skin/1286/CZ75-Auto-Vendetta,0.00,1.00
CZ75-Auto,Distressed,https://csgostash.com/skin/1253/CZ75-Auto-Distressed,0.00,1.00
CZ75-Auto,Polymer,https://csgostash.com/skin/816/CZ75-Auto-Polymer,0.00,0.50
CZ75-Auto,Imprint,https://csgostash.com/skin/801/CZ75-Auto-Imprint,0.00,1.00
CZ75-Auto,Hexane,https://csgostash.com/skin/477/CZ75-Auto-Hexane,0.00,0.40
CZ75-Auto,Twist,https://csgostash.com/skin/385/CZ75-Auto-Twist,0.00,1.00
CZ75-Auto,Poison Dart,https://csgostash.com/skin/346/CZ75-Auto-Poison-Dart,0.00,0.70
CZ75-Auto,Crimson Web,https://csgostash.com/skin/251/CZ75-Auto-Crimson-Web,0.06,0.80
CZ75-Auto,Emerald Quartz,https://csgostash.com/skin/1174/CZ75-Auto-Emerald-Quartz,0.00,0.70
CZ75-Auto,Emerald,https://csgostash.com/skin/595/CZ75-Auto-Emerald,0.00,0.08
CZ75-Auto,Nitro,https://csgostash.com/skin/442/CZ75-Auto-Nitro,0.06,0.80
CZ75-Auto,Tuxedo,https://csgostash.com/skin/358/CZ75-Auto-Tuxedo,0.00,0.80
CZ75-Auto,Midnight Palm,https://csgostash.com/skin/1405/CZ75-Auto-Midnight-Palm,0.00,0.50
CZ75-Auto,Silver,https://csgostash.com/skin/1349/CZ75-Auto-Silver,0.00,0.08
CZ75-Auto,Framework,https://csgostash.com/skin/1437/CZ75-Auto-Framework,0.00,0.80
CZ75-Auto,Jungle Dashed,https://csgostash.com/skin/1307/CZ75-Auto-Jungle-Dashed,0.06,0.80
CZ75-Auto,Indigo,https://csgostash.com/skin/1150/CZ75-Auto-Indigo,0.06,0.80
CZ75-Auto,Army Sheen,https://csgostash.com/skin/585/CZ75-Auto-Army-Sheen,0.00,0.30
CZ75-Auto,Green Plaid,https://csgostash.com/skin/414/CZ75-Auto-Green-Plaid,0.00,0.58
Desert Eagle,Ocean Drive,https://csgostash.com/skin/1468/Desert-Eagle-Ocean-Drive,0.00,1.00
Desert Eagle,Printstream,https://csgostash.com/skin/1284/Desert-Eagle-Printstream,0.00,0.80
Desert Eagle,Code Red,https://csgostash.com/skin/947/Desert-Eagle-Code-Red,0.00,1.00
Desert Eagle,Golden Koi,https://csgostash.com/skin/120/Desert-Eagle-Golden-Koi,0.00,0.12
Desert Eagle,Mecha Industries,https://csgostash.com/skin/1050/Desert-Eagle-Mecha-Industries,0.00,0.60
Desert Eagle,Kumicho Dragon,https://csgostash.com/skin/718/Desert-Eagle-Kumicho-Dragon,0.00,0.76
Desert Eagle,Conspiracy,https://csgostash.com/skin/402/Desert-Eagle-Conspiracy,0.00,0.30
Desert Eagle,Cobalt Disruption,https://csgostash.com/skin/240/Desert-Eagle-Cobalt-Disruption,0.00,0.20
Desert Eagle,Hypnotic,https://csgostash.com/skin/83/Desert-Eagle-Hypnotic,0.00,0.08
Desert Eagle,Fennec Fox,https://csgostash.com/skin/1415/Desert-Eagle-Fennec-Fox,0.00,0.80
Desert Eagle,Trigger Discipline,https://csgostash.com/skin/1372/Desert-Eagle-Trigger-Discipline,0.00,0.97
Desert Eagle,Light Rail,https://csgostash.com/skin/1065/Desert-Eagle-Light-Rail,0.00,0.90
Desert Eagle,Directive,https://csgostash.com/skin/802/Desert-Eagle-Directive,0.06,1.00
Desert Eagle,Naga,https://csgostash.com/skin/511/Desert-Eagle-Naga,0.00,1.00
Desert Eagle,Crimson Web,https://csgostash.com/skin/471/Desert-Eagle-Crimson-Web,0.06,0.80
Desert Eagle,Heirloom,https://csgostash.com/skin/258/Desert-Eagle-Heirloom,0.00,0.80
Desert Eagle,Emerald Jörmungandr,https://csgostash.com/skin/1178/Desert-Eagle-Emerald-J%C3%B6rmungandr,0.00,0.50
Desert Eagle,Sunset Storm 壱,https://csgostash.com/skin/625/Desert-Eagle-Sunset-Storm-%E5%A3%B1,0.00,0.75
Desert Eagle,Sunset Storm 弐,https://csgostash.com/skin/626/Desert-Eagle-Sunset-Storm-%E5%BC%90,0.00,0.75
Desert Eagle,Hand Cannon,https://csgostash.com/skin/432/Desert-Eagle-Hand-Cannon,0.01,0.70
Desert Eagle,Pilot,https://csgostash.com/skin/419/Desert-Eagle-Pilot,0.00,1.00
Desert Eagle,Blaze,https://csgostash.com/skin/68/Desert-Eagle-Blaze,0.00,0.08
Desert Eagle,Blue Ply,https://csgostash.com/skin/1254/Desert-Eagle-Blue-Ply,0.00,1.00
Desert Eagle,Oxide Blaze,https://csgostash.com/skin/835/Desert-Eagle-Oxide-Blaze,0.00,0.50
Desert Eagle,Corinthian,https://csgostash.com/skin/676/Desert-Eagle-Corinthian,0.00,0.44
Desert Eagle,Bronze Deco,https://csgostash.com/skin/565/Desert-Eagle-Bronze-Deco,0.00,0.46
Desert Eagle,Sputnik,https://csgostash.com/skin/1417/Desert-Eagle-Sputnik,0.00,0.50
Desert Eagle,Night Heist,https://csgostash.com/skin/1331/Desert-Eagle-Night-Heist,0.00,0.65
Desert Eagle,Meteorite,https://csgostash.com/skin/359/Desert-Eagle-Meteorite,0.00,0.18
Desert Eagle,Urban Rubble,https://csgostash.com/skin/215/Desert-Eagle-Urban-Rubble,0.00,0.50
Desert Eagle,The Bronze,https://csgostash.com/skin/1308/Desert-Eagle-The-Bronze,0.00,0.30
Desert Eagle,Midnight Storm,https://csgostash.com/skin/620/Desert-Eagle-Midnight-Storm,0.00,0.75
Desert Eagle,Night,https://csgostash.com/skin/588/Desert-Eagle-Night,0.06,0.80
Desert Eagle,Urban DDPAT,https://csgostash.com/skin/438/Desert-Eagle-Urban-DDPAT,0.06,0.80
Desert Eagle,Mudder,https://csgostash.com/skin/168/Desert-Eagle-Mudder,0.06,0.80
Dual Berettas,Melondrama,https://csgostash.com/skin/1512/Dual-Berettas-Melondrama,0.00,1.00
Dual Berettas,Cobra Strike,https://csgostash.com/skin/892/Dual-Berettas-Cobra-Strike,0.00,0.60
Dual Berettas,Twin Turbo,https://csgostash.com/skin/1034/Dual-Berettas-Twin-Turbo,0.00,1.00
Dual Berettas,Flora Carnivora,https://csgostash.com/skin/1528/Dual-Berettas-Flora-Carnivora,0.00,1.00
Dual Berettas,Dezastre,https://csgostash.com/skin/1294/Dual-Berettas-Dezastre,0.00,1.00
Dual Berettas,Royal Consorts,https://csgostash.com/skin/823/Dual-Berettas-Royal-Consorts,0.00,1.00
Dual Berettas,Urban Shock,https://csgostash.com/skin/522/Dual-Berettas-Urban-Shock,0.00,0.47
Dual Berettas,Marina,https://csgostash.com/skin/231/Dual-Berettas-Marina,0.05,0.50
Dual Berettas,Hemoglobin,https://csgostash.com/skin/129/Dual-Berettas-Hemoglobin,0.00,0.20
Dual Berettas,Duelist,https://csgostash.com/skin/597/Dual-Berettas-Duelist,0.00,1.00
Dual Berettas,Cobalt Quartz,https://csgostash.com/skin/172/Dual-Berettas-Cobalt-Quartz,0.00,0.40
Dual Berettas,Demolition,https://csgostash.com/skin/53/Dual-Berettas-Demolition,0.26,0.60
Dual Berettas,Tread,https://csgostash.com/skin/1454/Dual-Berettas-Tread,0.00,1.00
Dual Berettas,Balance,https://csgostash.com/skin/1186/Dual-Berettas-Balance,0.00,1.00
Dual Berettas,Elite 1.6,https://csgostash.com/skin/1098/Dual-Berettas-Elite-16,0.00,0.70
Dual Berettas,Shred,https://csgostash.com/skin/932/Dual-Berettas-Shred,0.00,0.50
Dual Berettas,Ventilators,https://csgostash.com/skin/738/Dual-Berettas-Ventilators,0.00,0.45
Dual Berettas,Cartel,https://csgostash.com/skin/707/Dual-Berettas-Cartel,0.00,1.00
Dual Berettas,Dualing Dragons,https://csgostash.com/skin/643/Dual-Berettas-Dualing-Dragons,0.00,1.00
Dual Berettas,Retribution,https://csgostash.com/skin/343/Dual-Berettas-Retribution,0.00,0.45
Dual Berettas,Panther,https://csgostash.com/skin/253/Dual-Berettas-Panther,0.00,0.58
Dual Berettas,Black Limba,https://csgostash.com/skin/118/Dual-Berettas-Black-Limba,0.06,0.80
Dual Berettas,Emerald,https://csgostash.com/skin/1157/Dual-Berettas-Emerald,0.00,0.08
Dual Berettas,Anodized Navy,https://csgostash.com/skin/47/Dual-Berettas-Anodized-Navy,0.00,0.08
Dual Berettas,Drift Wood,https://csgostash.com/skin/1403/Dual-Berettas-Drift-Wood,0.00,0.60
Dual Berettas,Switch Board,https://csgostash.com/skin/1309/Dual-Berettas-Switch-Board,0.00,0.65
Dual Berettas,Pyre,https://csgostash.com/skin/1172/Dual-Berettas-Pyre,0.06,0.55
Dual Berettas,Stained,https://csgostash.com/skin/162/Dual-Berettas-Stained,0.00,1.00
Dual Berettas,Oil Change,https://csgostash.com/skin/1438/Dual-Berettas-Oil-Change,0.00,0.50
Dual Berettas,Heist,https://csgostash.com/skin/1322/Dual-Berettas-Heist,0.00,0.70
Dual Berettas,Moon in Libra,https://csgostash.com/skin/602/Dual-Berettas-Moon-in-Libra,0.00,0.50
Dual Berettas,Briar,https://csgostash.com/skin/428/Dual-Berettas-Briar,0.00,0.22
Dual Berettas,Contractor,https://csgostash.com/skin/196/Dual-Berettas-Contractor,0.06,0.80
Dual Berettas,Colony,https://csgostash.com/skin/213/Dual-Berettas-Colony,0.06,0.80
Five-SeveN,Angry Mob,https://csgostash.com/skin/1071/Five-SeveN-Angry-Mob,0.00,0.70
Five-SeveN,Hyper Beast,https://csgostash.com/skin/895/Five-SeveN-Hyper-Beast,0.00,1.00
Five-SeveN,Fairy Tale,https://csgostash.com/skin/1298/Five-SeveN-Fairy-Tale,0.02,0.90
Five-SeveN,Monkey Business,https://csgostash.com/skin/557/Five-SeveN-Monkey-Business,0.10,0.90
Five-SeveN,Fowl Play,https://csgostash.com/skin/403/Five-SeveN-Fowl-Play,0.00,1.00
Five-SeveN,Fall Hazard,https://csgostash.com/skin/1450/Five-SeveN-Fall-Hazard,0.01,0.52
Five-SeveN,Boost Protocol,https://csgostash.com/skin/1462/Five-SeveN-Boost-Protocol,0.00,0.41
Five-SeveN,Buddy,https://csgostash.com/skin/1107/Five-SeveN-Buddy,0.00,0.55
Five-SeveN,Triumvirate,https://csgostash.com/skin/713/Five-SeveN-Triumvirate,0.00,0.61
Five-SeveN,Retrobution,https://csgostash.com/skin/682/Five-SeveN-Retrobution,0.00,1.00
Five-SeveN,Copper Galaxy,https://csgostash.com/skin/259/Five-SeveN-Copper-Galaxy,0.00,0.20
Five-SeveN,Case Hardened,https://csgostash.com/skin/131/Five-SeveN-Case-Hardened,0.00,1.00
Five-SeveN,Berries And Cherries,https://csgostash.com/skin/1317/Five-SeveN-Berries-And-Cherries,0.00,0.10
Five-SeveN,Neon Kimono,https://csgostash.com/skin/624/Five-SeveN-Neon-Kimono,0.00,0.80
Five-SeveN,Scrawl,https://csgostash.com/skin/1500/Five-SeveN-Scrawl,0.00,1.00
Five-SeveN,Flame Test,https://csgostash.com/skin/915/Five-SeveN-Flame-Test,0.00,0.65
Five-SeveN,Capillary,https://csgostash.com/skin/836/Five-SeveN-Capillary,0.00,0.70
Five-SeveN,Scumbria,https://csgostash.com/skin/804/Five-SeveN-Scumbria,0.00,1.00
Five-SeveN,Violent Daimyo,https://csgostash.com/skin/768/Five-SeveN-Violent-Daimyo,0.00,0.70
Five-SeveN,Urban Hazard,https://csgostash.com/skin/496/Five-SeveN-Urban-Hazard,0.00,0.25
Five-SeveN,Nightshade,https://csgostash.com/skin/249/Five-SeveN-Nightshade,0.00,0.50
Five-SeveN,Kami,https://csgostash.com/skin/227/Five-SeveN-Kami,0.00,0.30
Five-SeveN,Crimson Blossom,https://csgostash.com/skin/1138/Five-SeveN-Crimson-Blossom,0.00,0.50
Five-SeveN,Nitro,https://csgostash.com/skin/594/Five-SeveN-Nitro,0.06,0.80
Five-SeveN,Silver Quartz,https://csgostash.com/skin/205/Five-SeveN-Silver-Quartz,0.00,0.40
Five-SeveN,Withered Vine,https://csgostash.com/skin/1386/Five-SeveN-Withered-Vine,0.00,0.50
Five-SeveN,Hot Shot,https://csgostash.com/skin/493/Five-SeveN-Hot-Shot,0.00,1.00
Five-SeveN,Orange Peel,https://csgostash.com/skin/142/Five-SeveN-Orange-Peel,0.06,0.80
Five-SeveN,Candy Apple,https://csgostash.com/skin/16/Five-SeveN-Candy-Apple,0.00,0.30
Five-SeveN,Coolant,https://csgostash.com/skin/1003/Five-SeveN-Coolant,0.00,0.50
Five-SeveN,Contractor,https://csgostash.com/skin/183/Five-SeveN-Contractor,0.06,0.80
Five-SeveN,Forest Night,https://csgostash.com/skin/217/Five-SeveN-Forest-Night,0.06,0.80
Five-SeveN,Anodized Gunmetal,https://csgostash.com/skin/99/Five-SeveN-Anodized-Gunmetal,0.00,0.08
Five-SeveN,Jungle,https://csgostash.com/skin/57/Five-SeveN-Jungle,0.06,0.80
Glock-18,Neo-Noir,https://csgostash.com/skin/1302/Glock-18-Neo-Noir,0.00,1.00
Glock-18,Bullet Queen,https://csgostash.com/skin/1267/Glock-18-Bullet-Queen,0.00,1.00
Glock-18,Wasteland Rebel,https://csgostash.com/skin/753/Glock-18-Wasteland-Rebel,0.00,0.54
Glock-18,Gamma Doppler,https://csgostash.com/skin/1432/Glock-18-Gamma-Doppler,0.00,0.50
Glock-18,Snack Attack,https://csgostash.com/skin/1466/Glock-18-Snack-Attack,0.00,1.00
Glock-18,Vogue,https://csgostash.com/skin/1282/Glock-18-Vogue,0.00,0.75
Glock-18,Water Elemental,https://csgostash.com/skin/404/Glock-18-Water-Elemental,0.00,0.70
Glock-18,Twilight Galaxy,https://csgostash.com/skin/598/Glock-18-Twilight-Galaxy,0.00,0.20
Glock-18,Umbral Rabbit,https://csgostash.com/skin/1542/Glock-18-Umbral-Rabbit,0.00,0.75
Glock-18,Moonrise,https://csgostash.com/skin/921/Glock-18-Moonrise,0.00,0.65
Glock-18,Weasel,https://csgostash.com/skin/806/Glock-18-Weasel,0.00,1.00
Glock-18,Royal Legion,https://csgostash.com/skin/714/Glock-18-Royal-Legion,0.00,1.00
Glock-18,Grinder,https://csgostash.com/skin/498/Glock-18-Grinder,0.02,0.25
Glock-18,Steel Disruption,https://csgostash.com/skin/472/Glock-18-Steel-Disruption,0.00,0.20
Glock-18,Dragon Tattoo,https://csgostash.com/skin/84/Glock-18-Dragon-Tattoo,0.00,0.08
Glock-18,Pink DDPAT,https://csgostash.com/skin/1412/Glock-18-Pink-DDPAT,0.06,0.80
Glock-18,Franklin,https://csgostash.com/skin/1337/Glock-18-Franklin,0.00,0.40
Glock-18,Synth Leaf,https://csgostash.com/skin/1142/Glock-18-Synth-Leaf,0.00,0.70
Glock-18,Nuclear Garden,https://csgostash.com/skin/1015/Glock-18-Nuclear-Garden,0.00,0.70
Glock-18,Fade,https://csgostash.com/skin/9/Glock-18-Fade,0.00,0.08
Glock-18,Brass,https://csgostash.com/skin/66/Glock-18-Brass,0.00,1.00
Glock-18,Winterized,https://csgostash.com/skin/1523/Glock-18-Winterized,0.00,1.00
Glock-18,Clear Polymer,https://csgostash.com/skin/1361/Glock-18-Clear-Polymer,0.00,1.00
Glock-18,Sacrifice,https://csgostash.com/skin/1104/Glock-18-Sacrifice,0.00,1.00
Glock-18,Oxide Blaze,https://csgostash.com/skin/1038/Glock-18-Oxide-Blaze,0.00,0.85
Glock-18,Warhawk,https://csgostash.com/skin/933/Glock-18-Warhawk,0.00,1.00
Glock-18,Off World,https://csgostash.com/skin/900/Glock-18-Off-World,0.00,1.00
Glock-18,Ironwork,https://csgostash.com/skin/817/Glock-18-Ironwork,0.00,1.00
Glock-18,Wraiths,https://csgostash.com/skin/645/Glock-18-Wraiths,0.00,0.80
Glock-18,Bunsen Burner,https://csgostash.com/skin/582/Glock-18-Bunsen-Burner,0.00,0.80
Glock-18,Catacombs,https://csgostash.com/skin/513/Glock-18-Catacombs,0.00,0.50
Glock-18,Blue Fissure,https://csgostash.com/skin/255/Glock-18-Blue-Fissure,0.06,0.58
Glock-18,Reactor,https://csgostash.com/skin/484/Glock-18-Reactor,0.00,1.00
Glock-18,Candy Apple,https://csgostash.com/skin/160/Glock-18-Candy-Apple,0.00,0.30
Glock-18,Red Tire,https://csgostash.com/skin/1439/Glock-18-Red-Tire,0.00,0.55
Glock-18,High Beam,https://csgostash.com/skin/1026/Glock-18-High-Beam,0.00,0.08
Glock-18,Night,https://csgostash.com/skin/440/Glock-18-Night,0.06,0.80
Glock-18,Death Rattle,https://csgostash.com/skin/362/Glock-18-Death-Rattle,0.08,0.50
Glock-18,Groundwater,https://csgostash.com/skin/192/Glock-18-Groundwater,0.06,0.80
Glock-18,Sand Dune,https://csgostash.com/skin/108/Glock-18-Sand-Dune,0.06,0.80
P2000,Fire Elemental,https://csgostash.com/skin/504/P2000-Fire-Elemental,0.00,0.60
P2000,Wicked Sick,https://csgostash.com/skin/1547/P2000-Wicked-Sick,0.00,1.00
P2000,Imperial Dragon,https://csgostash.com/skin/755/P2000-Imperial-Dragon,0.00,0.63
P2000,Corticera,https://csgostash.com/skin/466/P2000-Corticera,0.06,0.30
P2000,Ocean Foam,https://csgostash.com/skin/117/P2000-Ocean-Foam,0.00,0.12
P2000,Acid Etched,https://csgostash.com/skin/1258/P2000-Acid-Etched,0.00,1.00
P2000,Obsidian,https://csgostash.com/skin/1193/P2000-Obsidian,0.00,1.00
P2000,Woodsman,https://csgostash.com/skin/888/P2000-Woodsman,0.00,0.80
P2000,Handgun,https://csgostash.com/skin/573/P2000-Handgun,0.00,1.00
P2000,Space Race,https://csgostash.com/skin/1426/P2000-Space-Race,0.00,0.60
P2000,Amber Fade,https://csgostash.com/skin/143/P2000-Amber-Fade,0.00,0.40
P2000,Scorpion,https://csgostash.com/skin/67/P2000-Scorpion,0.00,0.08
P2000,Lifted Spirits,https://csgostash.com/skin/1504/P2000-Lifted-Spirits,0.00,1.00
P2000,Gnarled,https://csgostash.com/skin/1270/P2000-Gnarled,0.00,1.00
P2000,Urban Hazard,https://csgostash.com/skin/917/P2000-Urban-Hazard,0.00,1.00
P2000,Turf,https://csgostash.com/skin/822/P2000-Turf,0.00,1.00
P2000,Oceanic,https://csgostash.com/skin/744/P2000-Oceanic,0.00,0.60
P2000,Imperial,https://csgostash.com/skin/677/P2000-Imperial,0.00,0.20
P2000,Ivory,https://csgostash.com/skin/405/P2000-Ivory,0.00,1.00
P2000,Pulse,https://csgostash.com/skin/387/P2000-Pulse,0.00,0.60
P2000,Red FragCam,https://csgostash.com/skin/252/P2000-Red-FragCam,0.00,0.70
P2000,Dispatch,https://csgostash.com/skin/1314/P2000-Dispatch,0.00,0.65
P2000,Chainmail,https://csgostash.com/skin/433/P2000-Chainmail,0.00,0.22
P2000,Silver,https://csgostash.com/skin/20/P2000-Silver,0.00,0.08
P2000,Panther Camo,https://csgostash.com/skin/1346/P2000-Panther-Camo,0.00,0.50
P2000,Pathfinder,https://csgostash.com/skin/605/P2000-Pathfinder,0.00,0.35
P2000,Coach Class,https://csgostash.com/skin/410/P2000-Coach-Class,0.00,1.00
P2000,Grassland,https://csgostash.com/skin/441/P2000-Grassland,0.06,0.80
P2000,Granite Marbleized,https://csgostash.com/skin/161/P2000-Granite-Marbleized,0.06,0.80
P2000,Grassland Leaves,https://csgostash.com/skin/41/P2000-Grassland-Leaves,0.06,0.80
P250,See Ya Later,https://csgostash.com/skin/913/P250-See-Ya-Later,0.00,0.70
P250,Visions,https://csgostash.com/skin/1530/P250-Visions,0.00,0.70
P250,Asiimov,https://csgostash.com/skin/745/P250-Asiimov,0.10,1.00
P250,Muertos,https://csgostash.com/skin/518/P250-Muertos,0.00,0.60
P250,Cartel,https://csgostash.com/skin/503/P250-Cartel,0.00,0.75
P250,Undertow,https://csgostash.com/skin/261/P250-Undertow,0.00,0.20
P250,Mehndi,https://csgostash.com/skin/235/P250-Mehndi,0.00,1.00
P250,Franklin,https://csgostash.com/skin/356/P250-Franklin,0.00,0.40
P250,Cyber Shell,https://csgostash.com/skin/1369/P250-Cyber-Shell,0.00,0.85
P250,Inferno,https://csgostash.com/skin/1108/P250-Inferno,0.00,0.68
P250,X-Ray,https://csgostash.com/skin/1097/P250-X-Ray,0.00,0.30
P250,Nevermore,https://csgostash.com/skin/1047/P250-Nevermore,0.00,0.40
P250,Red Rock,https://csgostash.com/skin/889/P250-Red-Rock,0.00,1.00
P250,Wingshot,https://csgostash.com/skin/653/P250-Wingshot,0.00,0.90
P250,Supernova,https://csgostash.com/skin/397/P250-Supernova,0.00,0.40
P250,Splash,https://csgostash.com/skin/75/P250-Splash,0.06,0.18
P250,Digital Architect,https://csgostash.com/skin/1449/P250-Digital-Architect,0.00,0.49
P250,Vino Primo,https://csgostash.com/skin/1031/P250-Vino-Primo,0.00,1.00
P250,Nuclear Threat,https://csgostash.com/skin/29/P250-Nuclear-Threat,0.06,0.80
P250,Re.built,https://csgostash.com/skin/1537/P250-Rebuilt,0.00,0.90
P250,Contaminant,https://csgostash.com/skin/1290/P250-Contaminant,0.00,0.70
P250,Cassette,https://csgostash.com/skin/1273/P250-Cassette,0.00,0.60
P250,Verdigris,https://csgostash.com/skin/1061/P250-Verdigris,0.00,0.70
P250,Ripple,https://csgostash.com/skin/838/P250-Ripple,0.00,0.50
P250,Iron Clad,https://csgostash.com/skin/765/P250-Iron-Clad,0.05,0.80
P250,Valence,https://csgostash.com/skin/564/P250-Valence,0.00,0.80
P250,Steel Disruption,https://csgostash.com/skin/246/P250-Steel-Disruption,0.00,0.20
P250,Hive,https://csgostash.com/skin/130/P250-Hive,0.00,0.30
P250,Black & Tan,https://csgostash.com/skin/1388/P250-Black-&-Tan,0.00,0.50
P250,Bengal Tiger,https://csgostash.com/skin/1334/P250-Bengal-Tiger,0.06,0.80
P250,Exchanger,https://csgostash.com/skin/1011/P250-Exchanger,0.00,0.50
P250,Whiteout,https://csgostash.com/skin/592/P250-Whiteout,0.06,0.80
P250,Modern Hunter,https://csgostash.com/skin/37/P250-Modern-Hunter,0.06,0.80
P250,Dark Filigree,https://csgostash.com/skin/1153/P250-Dark-Filigree,0.00,0.50
P250,Crimson Kimono,https://csgostash.com/skin/619/P250-Crimson-Kimono,0.00,0.80
P250,Contamination,https://csgostash.com/skin/492/P250-Contamination,0.00,0.83
P250,Metallic DDPAT,https://csgostash.com/skin/212/P250-Metallic-DDPAT,0.00,0.08
P250,Facets,https://csgostash.com/skin/100/P250-Facets,0.06,0.80
P250,Gunsmoke,https://csgostash.com/skin/46/P250-Gunsmoke,0.06,0.80
P250,Drought,https://csgostash.com/skin/1398/P250-Drought,0.00,0.44
P250,Forest Night,https://csgostash.com/skin/1306/P250-Forest-Night,0.06,0.80
P250,Facility Draft,https://csgostash.com/skin/1001/P250-Facility-Draft,0.00,0.50
P250,Mint Kimono,https://csgostash.com/skin/618/P250-Mint-Kimono,0.00,0.80
P250,Boreal Forest,https://csgostash.com/skin/166/P250-Boreal-Forest,0.06,0.80
P250,Sand Dune,https://csgostash.com/skin/137/P250-Sand-Dune,0.06,0.80
P250,Bone Mask,https://csgostash.com/skin/181/P250-Bone-Mask,0.06,0.80
R8 Revolver,Fade,https://csgostash.com/skin/672/R8-Revolver-Fade,0.00,0.40
R8 Revolver,Skull Crusher,https://csgostash.com/skin/1068/R8-Revolver-Skull-Crusher,0.25,0.80
R8 Revolver,Llama Cannon,https://csgostash.com/skin/911/R8-Revolver-Llama-Cannon,0.03,0.70
R8 Revolver,Amber Fade,https://csgostash.com/skin/689/R8-Revolver-Amber-Fade,0.00,0.40
R8 Revolver,Banana Cannon,https://csgostash.com/skin/1544/R8-Revolver-Banana-Cannon,0.00,1.00
R8 Revolver,Crazy 8,https://csgostash.com/skin/1524/R8-Revolver-Crazy-8,0.00,1.00
R8 Revolver,Reboot,https://csgostash.com/skin/758/R8-Revolver-Reboot,0.00,1.00
R8 Revolver,Junk Yard,https://csgostash.com/skin/1364/R8-Revolver-Junk-Yard,0.00,1.00
R8 Revolver,Bone Forged,https://csgostash.com/skin/1257/R8-Revolver-Bone-Forged,0.00,0.60
R8 Revolver,Memento,https://csgostash.com/skin/1185/R8-Revolver-Memento,0.00,0.80
R8 Revolver,Survivalist,https://csgostash.com/skin/936/R8-Revolver-Survivalist,0.00,0.70
R8 Revolver,Grip,https://csgostash.com/skin/918/R8-Revolver-Grip,0.00,1.00
R8 Revolver,Crimson Web,https://csgostash.com/skin/674/R8-Revolver-Crimson-Web,0.06,0.80
R8 Revolver,Blaze,https://csgostash.com/skin/1423/R8-Revolver-Blaze,0.00,0.08
R8 Revolver,Phoenix Marker,https://csgostash.com/skin/1329/R8-Revolver-Phoenix-Marker,0.00,0.60
R8 Revolver,Nitro,https://csgostash.com/skin/1025/R8-Revolver-Nitro,0.06,0.80
R8 Revolver,Desert Brush,https://csgostash.com/skin/1379/R8-Revolver-Desert-Brush,0.00,0.60
R8 Revolver,Night,https://csgostash.com/skin/1345/R8-Revolver-Night,0.06,0.80
R8 Revolver,Canal Spray,https://csgostash.com/skin/1148/R8-Revolver-Canal-Spray,0.06,0.60
R8 Revolver,Bone Mask,https://csgostash.com/skin/690/R8-Revolver-Bone-Mask,0.06,0.80
Tec-9,Decimator,https://csgostash.com/skin/1194/Tec-9-Decimator,0.00,0.75
Tec-9,Fuel Injector,https://csgostash.com/skin/813/Tec-9-Fuel-Injector,0.00,1.00
Tec-9,Remote Control,https://csgostash.com/skin/1016/Tec-9-Remote-Control,0.00,1.00
Tec-9,Brother,https://csgostash.com/skin/1277/Tec-9-Brother,0.00,1.00
Tec-9,Bamboozle,https://csgostash.com/skin/1064/Tec-9-Bamboozle,0.00,0.80
Tec-9,Re-Entry,https://csgostash.com/skin/749/Tec-9-Re-Entry,0.00,0.43
Tec-9,Avalanche,https://csgostash.com/skin/684/Tec-9-Avalanche,0.00,1.00
Tec-9,Titanium Bit,https://csgostash.com/skin/257/Tec-9-Titanium-Bit,0.00,0.20
Tec-9,Red Quartz,https://csgostash.com/skin/216/Tec-9-Red-Quartz,0.00,0.40
Tec-9,Nuclear Threat,https://csgostash.com/skin/28/Tec-9-Nuclear-Threat,0.06,0.80
Tec-9,Rebel,https://csgostash.com/skin/1540/Tec-9-Rebel,0.00,1.00
Tec-9,Flash Out,https://csgostash.com/skin/1099/Tec-9-Flash-Out,0.00,0.70
Tec-9,Fubar,https://csgostash.com/skin/1043/Tec-9-Fubar,0.14,1.00
Tec-9,Snek-9,https://csgostash.com/skin/937/Tec-9-Snek-9,0.00,1.00
Tec-9,Cracked Opal,https://csgostash.com/skin/902/Tec-9-Cracked-Opal,0.00,1.00
Tec-9,Cut Out,https://csgostash.com/skin/885/Tec-9-Cut-Out,0.00,1.00
Tec-9,Ice Cap,https://csgostash.com/skin/762/Tec-9-Ice-Cap,0.00,0.50
Tec-9,Jambiya,https://csgostash.com/skin/710/Tec-9-Jambiya,0.00,1.00
Tec-9,Isaac,https://csgostash.com/skin/341/Tec-9-Isaac,0.00,1.00
Tec-9,Sandstorm,https://csgostash.com/skin/265/Tec-9-Sandstorm,0.10,0.70
Tec-9,Blue Titanium,https://csgostash.com/skin/133/Tec-9-Blue-Titanium,0.00,0.04
Tec-9,Safety Net,https://csgostash.com/skin/1422/Tec-9-Safety-Net,0.00,0.60
Tec-9,Blast From the Past,https://csgostash.com/skin/1350/Tec-9-Blast-From-the-Past,0.00,0.65
Tec-9,Terrace,https://csgostash.com/skin/623/Tec-9-Terrace,0.00,1.00
Tec-9,Toxic,https://csgostash.com/skin/483/Tec-9-Toxic,0.00,0.70
Tec-9,Brass,https://csgostash.com/skin/45/Tec-9-Brass,0.00,1.00
Tec-9,Ossified,https://csgostash.com/skin/58/Tec-9-Ossified,0.00,0.08
Tec-9,Rust Leaf,https://csgostash.com/skin/1136/Tec-9-Rust-Leaf,0.00,0.50
Tec-9,Orange Murano,https://csgostash.com/skin/1154/Tec-9-Orange-Murano,0.00,1.00
Tec-9,Hades,https://csgostash.com/skin/604/Tec-9-Hades,0.00,1.00
Tec-9,VariCamo,https://csgostash.com/skin/148/Tec-9-VariCamo,0.00,0.60
Tec-9,Phoenix Chalk,https://csgostash.com/skin/1323/Tec-9-Phoenix-Chalk,0.00,0.80
Tec-9,Bamboo Forest,https://csgostash.com/skin/616/Tec-9-Bamboo-Forest,0.00,0.60
Tec-9,Urban DDPAT,https://csgostash.com/skin/369/Tec-9-Urban-DDPAT,0.06,0.80
Tec-9,Groundwater,https://csgostash.com/skin/152/Tec-9-Groundwater,0.06,0.80
Tec-9,Army Mesh,https://csgostash.com/skin/204/Tec-9-Army-Mesh,0.00,0.60
Tec-9,Tornado,https://csgostash.com/skin/105/Tec-9-Tornado,0.06,0.80
USP-S,Printstream,https://csgostash.com/skin/1532/USP-S-Printstream,0.00,0.85
USP-S,The Traitor,https://csgostash.com/skin/1376/USP-S-The-Traitor,0.00,1.00
USP-S,Neo-Noir,https://csgostash.com/skin/849/USP-S-Neo-Noir,0.00,0.70
USP-S,Kill Confirmed,https://csgostash.com/skin/658/USP-S-Kill-Confirmed,0.00,1.00
USP-S,Monster Mashup,https://csgostash.com/skin/1300/USP-S-Monster-Mashup,0.00,0.70
USP-S,Cortex,https://csgostash.com/skin/928/USP-S-Cortex,0.00,1.00
USP-S,Caiman,https://csgostash.com/skin/390/USP-S-Caiman,0.00,0.40
USP-S,Orion,https://csgostash.com/skin/353/USP-S-Orion,0.00,0.50
USP-S,Serum,https://csgostash.com/skin/125/USP-S-Serum,0.00,0.25
USP-S,Whiteout,https://csgostash.com/skin/1431/USP-S-Whiteout,0.06,0.80
USP-S,Target Acquired,https://csgostash.com/skin/1319/USP-S-Target-Acquired,0.00,0.50
USP-S,Ticket to Hell,https://csgostash.com/skin/1511/USP-S-Ticket-to-Hell,0.00,0.76
USP-S,Flashback,https://csgostash.com/skin/1048/USP-S-Flashback,0.00,0.50
USP-S,Cyrex,https://csgostash.com/skin/827/USP-S-Cyrex,0.00,0.55
USP-S,Guardian,https://csgostash.com/skin/270/USP-S-Guardian,0.00,0.38
USP-S,Overgrowth,https://csgostash.com/skin/109/USP-S-Overgrowth,0.06,0.80
USP-S,Dark Water,https://csgostash.com/skin/85/USP-S-Dark-Water,0.10,0.26
USP-S,Orange Anolis,https://csgostash.com/skin/1392/USP-S-Orange-Anolis,0.00,0.37
USP-S,Ancient Visions,https://csgostash.com/skin/1356/USP-S-Ancient-Visions,0.00,0.45
USP-S,Road Rash,https://csgostash.com/skin/450/USP-S-Road-Rash,0.00,1.00
USP-S,Black Lotus,https://csgostash.com/skin/1458/USP-S-Black-Lotus,0.00,0.90
USP-S,Blueprint,https://csgostash.com/skin/880/USP-S-Blueprint,0.00,0.86
USP-S,Lead Conduit,https://csgostash.com/skin/711/USP-S-Lead-Conduit,0.00,1.00
USP-S,Torque,https://csgostash.com/skin/578/USP-S-Torque,0.00,0.46
USP-S,Blood Tiger,https://csgostash.com/skin/478/USP-S-Blood-Tiger,0.00,0.30
USP-S,Stainless,https://csgostash.com/skin/254/USP-S-Stainless,0.00,0.80
USP-S,Purple DDPAT,https://csgostash.com/skin/1407/USP-S-Purple-DDPAT,0.00,0.55
USP-S,Check Engine,https://csgostash.com/skin/1029/USP-S-Check-Engine,0.00,0.60
USP-S,Business Class,https://csgostash.com/skin/411/USP-S-Business-Class,0.00,1.00
USP-S,Night Ops,https://csgostash.com/skin/167/USP-S-Night-Ops,0.00,0.60
USP-S,Pathfinder,https://csgostash.com/skin/1170/USP-S-Pathfinder,0.00,0.35
USP-S,Para Green,https://csgostash.com/skin/590/USP-S-Para-Green,0.00,0.80
USP-S,Royal Blue,https://csgostash.com/skin/427/USP-S-Royal-Blue,0.06,0.80
USP-S,Forest Leaves,https://csgostash.com/skin/207/USP-S-Forest-Leaves,0.06,0.80
AK-47,Head Shot,https://csgostash.com/skin/1549/AK-47-Head-Shot,0.00,1.00
AK-47,Nightwish,https://csgostash.com/skin/1515/AK-47-Nightwish,0.00,1.00
AK-47,Leet Museo,https://csgostash.com/skin/1469/AK-47-Leet-Museo,0.00,0.65
AK-47,Legion of Anubis,https://csgostash.com/skin/1285/AK-47-Legion-of-Anubis,0.00,0.70
AK-47,Asiimov,https://csgostash.com/skin/1052/AK-47-Asiimov,0.05,0.70
AK-47,Neon Rider,https://csgostash.com/skin/946/AK-47-Neon-Rider,0.00,0.80
AK-47,The Empress,https://csgostash.com/skin/912/AK-47-The-Empress,0.00,1.00
AK-47,Bloodsport,https://csgostash.com/skin/848/AK-47-Bloodsport,0.00,0.45
AK-47,Neon Revolution,https://csgostash.com/skin/799/AK-47-Neon-Revolution,0.00,0.80
AK-47,Fuel Injector,https://csgostash.com/skin/720/AK-47-Fuel-Injector,0.00,1.00
AK-47,Aquamarine Revenge,https://csgostash.com/skin/569/AK-47-Aquamarine-Revenge,0.00,1.00
AK-47,Wasteland Rebel,https://csgostash.com/skin/495/AK-47-Wasteland-Rebel,0.05,0.70
AK-47,Jaguar,https://csgostash.com/skin/468/AK-47-Jaguar,0.00,1.00
AK-47,Vulcan,https://csgostash.com/skin/354/AK-47-Vulcan,0.00,0.90
AK-47,Fire Serpent,https://csgostash.com/skin/114/AK-47-Fire-Serpent,0.06,0.76
AK-47,Gold Arabesque,https://csgostash.com/skin/1397/AK-47-Gold-Arabesque,0.00,0.70
AK-47,X-Ray,https://csgostash.com/skin/1340/AK-47-X-Ray,0.00,1.00
AK-47,Wild Lotus,https://csgostash.com/skin/1145/AK-47-Wild-Lotus,0.00,1.00
AK-47,Ice Coaled,https://csgostash.com/skin/1529/AK-47-Ice-Coaled,0.00,0.77
AK-47,Phantom Disruptor,https://csgostash.com/skin/1263/AK-47-Phantom-Disruptor,0.00,0.65
AK-47,Point Disarray,https://csgostash.com/skin/686/AK-47-Point-Disarray,0.00,0.67
AK-47,Frontside Misty,https://csgostash.com/skin/654/AK-47-Frontside-Misty,0.02,0.87
AK-47,Cartel,https://csgostash.com/skin/509/AK-47-Cartel,0.00,0.75
AK-47,Redline,https://csgostash.com/skin/271/AK-47-Redline,0.10,0.70
AK-47,Case Hardened,https://csgostash.com/skin/82/AK-47-Case-Hardened,0.00,1.00
AK-47,Red Laminate,https://csgostash.com/skin/78/AK-47-Red-Laminate,0.06,0.80
AK-47,Panthera onca,https://csgostash.com/skin/1358/AK-47-Panthera-onca,0.00,1.00
AK-47,Hydroponic,https://csgostash.com/skin/628/AK-47-Hydroponic,0.00,0.80
AK-47,Jet Set,https://csgostash.com/skin/420/AK-47-Jet-Set,0.00,1.00
AK-47,Slate,https://csgostash.com/skin/1368/AK-47-Slate,0.00,1.00
AK-47,Rat Rod,https://csgostash.com/skin/1190/AK-47-Rat-Rod,0.00,1.00
AK-47,Orbit Mk01,https://csgostash.com/skin/887/AK-47-Orbit-Mk01,0.00,0.55
AK-47,Blue Laminate,https://csgostash.com/skin/239/AK-47-Blue-Laminate,0.02,0.40
AK-47,Safety Net,https://csgostash.com/skin/1033/AK-47-Safety-Net,0.00,0.60
AK-47,First Class,https://csgostash.com/skin/421/AK-47-First-Class,0.00,1.00
AK-47,Emerald Pinstripe,https://csgostash.com/skin/357/AK-47-Emerald-Pinstripe,0.00,1.00
AK-47,Uncharted,https://csgostash.com/skin/1057/AK-47-Uncharted,0.00,0.75
AK-47,Elite Build,https://csgostash.com/skin/567/AK-47-Elite-Build,0.00,1.00
AK-47,Green Laminate,https://csgostash.com/skin/1443/AK-47-Green-Laminate,0.02,0.40
AK-47,Black Laminate,https://csgostash.com/skin/49/AK-47-Black-Laminate,0.06,0.80
AK-47,Baroque Purple,https://csgostash.com/skin/1151/AK-47-Baroque-Purple,0.00,1.00
AK-47,Safari Mesh,https://csgostash.com/skin/140/AK-47-Safari-Mesh,0.06,0.80
AK-47,Jungle Spray,https://csgostash.com/skin/60/AK-47-Jungle-Spray,0.06,0.80
AK-47,Predator,https://csgostash.com/skin/61/AK-47-Predator,0.06,0.80
AUG,Chameleon,https://csgostash.com/skin/275/AUG-Chameleon,0.00,0.50
AUG,Akihabara Accept,https://csgostash.com/skin/629/AUG-Akihabara-Accept,0.00,1.00
AUG,Death by Puppy,https://csgostash.com/skin/1112/AUG-Death-by-Puppy,0.00,0.40
AUG,Momentum,https://csgostash.com/skin/1069/AUG-Momentum,0.05,1.00
AUG,Stymphalian,https://csgostash.com/skin/926/AUG-Stymphalian,0.00,0.63
AUG,Syd Mead,https://csgostash.com/skin/800/AUG-Syd-Mead,0.00,0.80
AUG,Fleet Flock,https://csgostash.com/skin/735/AUG-Fleet-Flock,0.00,1.00
AUG,Bengal Tiger,https://csgostash.com/skin/470/AUG-Bengal-Tiger,0.06,0.80
AUG,Arctic Wolf,https://csgostash.com/skin/1191/AUG-Arctic-Wolf,0.00,0.70
AUG,Aristocrat,https://csgostash.com/skin/761/AUG-Aristocrat,0.00,0.66
AUG,Torque,https://csgostash.com/skin/347/AUG-Torque,0.00,0.50
AUG,Sand Storm,https://csgostash.com/skin/1413/AUG-Sand-Storm,0.00,0.50
AUG,Flame Jörmungandr,https://csgostash.com/skin/1177/AUG-Flame-J%C3%B6rmungandr,0.00,0.50
AUG,Midnight Lily,https://csgostash.com/skin/1143/AUG-Midnight-Lily,0.00,0.50
AUG,Random Access,https://csgostash.com/skin/1013/AUG-Random-Access,0.00,0.50
AUG,Plague,https://csgostash.com/skin/1453/AUG-Plague,0.00,0.76
AUG,Tom Cat,https://csgostash.com/skin/1251/AUG-Tom-Cat,0.00,0.80
AUG,Amber Slipstream,https://csgostash.com/skin/931/AUG-Amber-Slipstream,0.00,0.55
AUG,Triqua,https://csgostash.com/skin/898/AUG-Triqua,0.00,1.00
AUG,Ricochet,https://csgostash.com/skin/675/AUG-Ricochet,0.00,0.80
AUG,Wings,https://csgostash.com/skin/80/AUG-Wings,0.00,0.14
AUG,Amber Fade,https://csgostash.com/skin/1420/AUG-Amber-Fade,0.00,0.40
AUG,Carved Jade,https://csgostash.com/skin/1351/AUG-Carved-Jade,0.00,0.20
AUG,Anodized Navy,https://csgostash.com/skin/95/AUG-Anodized-Navy,0.00,0.08
AUG,Hot Rod,https://csgostash.com/skin/8/AUG-Hot-Rod,0.00,0.08
AUG,Copperhead,https://csgostash.com/skin/65/AUG-Copperhead,0.12,0.38
AUG,Spalted Wood,https://csgostash.com/skin/1384/AUG-Spalted-Wood,0.00,0.48
AUG,Radiation Hazard,https://csgostash.com/skin/487/AUG-Radiation-Hazard,0.00,0.55
AUG,Condemned,https://csgostash.com/skin/208/AUG-Condemned,0.06,0.80
AUG,Surveillance,https://csgostash.com/skin/1304/AUG-Surveillance,0.00,0.60
AUG,Navy Murano,https://csgostash.com/skin/1146/AUG-Navy-Murano,0.00,1.00
AUG,Sweeper,https://csgostash.com/skin/1021/AUG-Sweeper,0.00,0.60
AUG,Daedalus,https://csgostash.com/skin/601/AUG-Daedalus,0.00,0.55
AUG,Contractor,https://csgostash.com/skin/154/AUG-Contractor,0.06,0.80
AUG,Storm,https://csgostash.com/skin/170/AUG-Storm,0.06,0.80
AUG,Colony,https://csgostash.com/skin/184/AUG-Colony,0.06,0.80
AWP,Chromatic Aberration,https://csgostash.com/skin/1533/AWP-Chromatic-Aberration,0.00,0.70
AWP,Containment Breach,https://csgostash.com/skin/1197/AWP-Containment-Breach,0.00,1.00
AWP,Wildfire,https://csgostash.com/skin/1113/AWP-Wildfire,0.01,0.70
AWP,Neo-Noir,https://csgostash.com/skin/1053/AWP-Neo-Noir,0.00,0.50
AWP,Oni Taiji,https://csgostash.com/skin/896/AWP-Oni-Taiji,0.00,0.50
AWP,Hyper Beast,https://csgostash.com/skin/568/AWP-Hyper-Beast,0.00,1.00
AWP,Man-o'-war,https://csgostash.com/skin/510/AWP-Man-o-war,0.10,0.20
AWP,Asiimov,https://csgostash.com/skin/274/AWP-Asiimov,0.18,1.00
AWP,Lightning Strike,https://csgostash.com/skin/79/AWP-Lightning-Strike,0.00,0.08
AWP,Desert Hydra,https://csgostash.com/skin/1416/AWP-Desert-Hydra,0.00,0.60
AWP,Fade,https://csgostash.com/skin/1321/AWP-Fade,0.00,0.08
AWP,The Prince,https://csgostash.com/skin/1163/AWP-The-Prince,0.00,0.60
AWP,Gungnir,https://csgostash.com/skin/1181/AWP-Gungnir,0.00,0.60
AWP,Medusa,https://csgostash.com/skin/613/AWP-Medusa,0.00,1.00
AWP,Dragon Lore,https://csgostash.com/skin/422/AWP-Dragon-Lore,0.00,0.70
AWP,Duality,https://csgostash.com/skin/1551/AWP-Duality,0.00,0.70
AWP,Mortis,https://csgostash.com/skin/927/AWP-Mortis,0.00,0.64
AWP,Fever Dream,https://csgostash.com/skin/845/AWP-Fever-Dream,0.00,0.55
AWP,Elite Build,https://csgostash.com/skin/717/AWP-Elite-Build,0.00,1.00
AWP,Corticera,https://csgostash.com/skin/467/AWP-Corticera,0.06,0.30
AWP,Redline,https://csgostash.com/skin/236/AWP-Redline,0.10,0.40
AWP,Electric Hive,https://csgostash.com/skin/243/AWP-Electric-Hive,0.00,0.40
AWP,Graphite,https://csgostash.com/skin/110/AWP-Graphite,0.00,0.12
AWP,BOOM,https://csgostash.com/skin/71/AWP-BOOM,0.06,0.28
AWP,Silk Tiger,https://csgostash.com/skin/1338/AWP-Silk-Tiger,0.00,0.60
AWP,Exoskeleton,https://csgostash.com/skin/1293/AWP-Exoskeleton,0.00,1.00
AWP,Atheris,https://csgostash.com/skin/1063/AWP-Atheris,0.00,1.00
AWP,PAW,https://csgostash.com/skin/941/AWP-PAW,0.00,0.50
AWP,Phobos,https://csgostash.com/skin/760/AWP-Phobos,0.00,0.40
AWP,Worm God,https://csgostash.com/skin/561/AWP-Worm-God,0.00,0.45
AWP,POP AWP,https://csgostash.com/skin/1425/AWP-POP-AWP,0.00,0.44
AWP,Pink DDPAT,https://csgostash.com/skin/449/AWP-Pink-DDPAT,0.06,0.80
AWP,Pit Viper,https://csgostash.com/skin/158/AWP-Pit-Viper,0.08,0.50
AWP,Capillary,https://csgostash.com/skin/1252/AWP-Capillary,0.05,0.70
AWP,Acheron,https://csgostash.com/skin/1012/AWP-Acheron,0.00,0.83
AWP,Snake Camo,https://csgostash.com/skin/69/AWP-Snake-Camo,0.06,0.80
AWP,Sun in Leo,https://csgostash.com/skin/606/AWP-Sun-in-Leo,0.00,0.50
AWP,Safari Mesh,https://csgostash.com/skin/171/AWP-Safari-Mesh,0.06,0.80
FAMAS,Commemoration,https://csgostash.com/skin/1114/FAMAS-Commemoration,0.00,0.50
FAMAS,Roll Cage,https://csgostash.com/skin/803/FAMAS-Roll-Cage,0.00,1.00
FAMAS,Rapid Eye Movement,https://csgostash.com/skin/1513/FAMAS-Rapid-Eye-Movement,0.00,1.00
FAMAS,Eye of Athena,https://csgostash.com/skin/945/FAMAS-Eye-of-Athena,0.00,0.70
FAMAS,Mecha Industries,https://csgostash.com/skin/828/FAMAS-Mecha-Industries,0.00,0.50
FAMAS,Djinn,https://csgostash.com/skin/555/FAMAS-Djinn,0.00,1.00
FAMAS,Afterimage,https://csgostash.com/skin/248/FAMAS-Afterimage,0.02,0.40
FAMAS,Meltdown,https://csgostash.com/skin/1429/FAMAS-Meltdown,0.00,0.40
FAMAS,ZX Spectron,https://csgostash.com/skin/1461/FAMAS-ZX-Spectron,0.00,1.00
FAMAS,Valence,https://csgostash.com/skin/712/FAMAS-Valence,0.00,0.80
FAMAS,Neural Net,https://csgostash.com/skin/577/FAMAS-Neural-Net,0.00,0.60
FAMAS,Sergeant,https://csgostash.com/skin/269/FAMAS-Sergeant,0.10,1.00
FAMAS,Pulse,https://csgostash.com/skin/230/FAMAS-Pulse,0.00,0.40
FAMAS,Prime Conspiracy,https://csgostash.com/skin/1316/FAMAS-Prime-Conspiracy,0.00,0.55
FAMAS,Styx,https://csgostash.com/skin/491/FAMAS-Styx,0.00,0.60
FAMAS,Spitfire,https://csgostash.com/skin/96/FAMAS-Spitfire,0.06,0.80
FAMAS,Meow 36,https://csgostash.com/skin/1517/FAMAS-Meow-36,0.00,1.00
FAMAS,Decommissioned,https://csgostash.com/skin/1103/FAMAS-Decommissioned,0.00,1.00
FAMAS,Crypsis,https://csgostash.com/skin/1056/FAMAS-Crypsis,0.00,0.55
FAMAS,Macabre,https://csgostash.com/skin/881/FAMAS-Macabre,0.00,0.60
FAMAS,Survivor Z,https://csgostash.com/skin/644/FAMAS-Survivor-Z,0.00,0.60
FAMAS,Hexane,https://csgostash.com/skin/132/FAMAS-Hexane,0.00,0.40
FAMAS,Doomkitty,https://csgostash.com/skin/74/FAMAS-Doomkitty,0.08,0.22
FAMAS,Dark Water,https://csgostash.com/skin/1353/FAMAS-Dark-Water,0.10,0.26
FAMAS,Sundown,https://csgostash.com/skin/1140/FAMAS-Sundown,0.00,0.60
FAMAS,Teardown,https://csgostash.com/skin/209/FAMAS-Teardown,0.00,0.60
FAMAS,CaliCamo,https://csgostash.com/skin/1404/FAMAS-CaliCamo,0.00,0.60
FAMAS,Cyanospatter,https://csgostash.com/skin/178/FAMAS-Cyanospatter,0.06,0.80
FAMAS,Faulty Wiring,https://csgostash.com/skin/1435/FAMAS-Faulty-Wiring,0.00,0.50
FAMAS,Night Borre,https://csgostash.com/skin/1168/FAMAS-Night-Borre,0.00,0.55
FAMAS,Colony,https://csgostash.com/skin/156/FAMAS-Colony,0.06,0.80
FAMAS,Contrast Spray,https://csgostash.com/skin/17/FAMAS-Contrast-Spray,0.06,0.80
G3SG1,The Executioner,https://csgostash.com/skin/688/G3SG1-The-Executioner,0.14,0.85
G3SG1,Flux,https://csgostash.com/skin/655/G3SG1-Flux,0.00,0.90
G3SG1,Dream Glade,https://csgostash.com/skin/1508/G3SG1-Dream-Glade,0.00,1.00
G3SG1,Scavenger,https://csgostash.com/skin/1044/G3SG1-Scavenger,0.00,0.65
G3SG1,High Seas,https://csgostash.com/skin/939/G3SG1-High-Seas,0.00,0.70
G3SG1,Stinger,https://csgostash.com/skin/824/G3SG1-Stinger,0.00,0.70
G3SG1,Chronos,https://csgostash.com/skin/610/G3SG1-Chronos,0.00,0.40
G3SG1,Keeping Tabs,https://csgostash.com/skin/1455/G3SG1-Keeping-Tabs,0.00,0.70
G3SG1,Digital Mesh,https://csgostash.com/skin/1288/G3SG1-Digital-Mesh,0.00,0.80
G3SG1,Black Sand,https://csgostash.com/skin/1184/G3SG1-Black-Sand,0.00,0.80
G3SG1,Hunter,https://csgostash.com/skin/899/G3SG1-Hunter,0.00,1.00
G3SG1,Ventilator,https://csgostash.com/skin/805/G3SG1-Ventilator,0.00,0.45
G3SG1,Orange Crash,https://csgostash.com/skin/739/G3SG1-Orange-Crash,0.00,0.52
G3SG1,Murky,https://csgostash.com/skin/497/G3SG1-Murky,0.00,0.25
G3SG1,Azure Zebra,https://csgostash.com/skin/245/G3SG1-Azure-Zebra,0.00,0.28
G3SG1,Demeter,https://csgostash.com/skin/111/G3SG1-Demeter,0.06,0.80
G3SG1,New Roots,https://csgostash.com/skin/1390/G3SG1-New-Roots,0.00,0.55
G3SG1,Violet Murano,https://csgostash.com/skin/1156/G3SG1-Violet-Murano,0.00,0.50
G3SG1,Ancient Ritual,https://csgostash.com/skin/1348/G3SG1-Ancient-Ritual,0.00,0.76
G3SG1,Green Apple,https://csgostash.com/skin/360/G3SG1-Green-Apple,0.00,0.30
G3SG1,VariCamo,https://csgostash.com/skin/198/G3SG1-VariCamo,0.00,0.60
G3SG1,Arctic Camo,https://csgostash.com/skin/21/G3SG1-Arctic-Camo,0.06,0.80
G3SG1,Orange Kimono,https://csgostash.com/skin/617/G3SG1-Orange-Kimono,0.00,0.80
G3SG1,Contractor,https://csgostash.com/skin/412/G3SG1-Contractor,0.06,0.80
G3SG1,Jungle Dashed,https://csgostash.com/skin/177/G3SG1-Jungle-Dashed,0.06,0.80
G3SG1,Polar Camo,https://csgostash.com/skin/214/G3SG1-Polar-Camo,0.06,0.80
G3SG1,Safari Mesh,https://csgostash.com/skin/187/G3SG1-Safari-Mesh,0.06,0.80
G3SG1,Desert Storm,https://csgostash.com/skin/136/G3SG1-Desert-Storm,0.06,0.80
Galil AR,Chatterbox,https://csgostash.com/skin/512/Galil-AR-Chatterbox,0.35,0.85
Galil AR,Chromatic Aberration,https://csgostash.com/skin/1375/Galil-AR-Chromatic-Aberration,0.00,1.00
Galil AR,Sugar Rush,https://csgostash.com/skin/893/Galil-AR-Sugar-Rush,0.00,0.55
Galil AR,Eco,https://csgostash.com/skin/556/Galil-AR-Eco,0.10,0.85
Galil AR,Connexion,https://csgostash.com/skin/1279/Galil-AR-Connexion,0.00,0.80
Galil AR,Signal,https://csgostash.com/skin/1045/Galil-AR-Signal,0.00,0.50
Galil AR,Crimson Tsunami,https://csgostash.com/skin/840/Galil-AR-Crimson-Tsunami,0.00,0.55
Galil AR,Firefight,https://csgostash.com/skin/740/Galil-AR-Firefight,0.00,1.00
Galil AR,Stone Cold,https://csgostash.com/skin/650/Galil-AR-Stone-Cold,0.00,0.90
Galil AR,Orange DDPAT,https://csgostash.com/skin/73/Galil-AR-Orange-DDPAT,0.06,0.80
Galil AR,CAUTION!,https://csgostash.com/skin/1447/Galil-AR-CAUTION!,0.00,0.55
Galil AR,Phoenix Blacklight,https://csgostash.com/skin/1335/Galil-AR-Phoenix-Blacklight,0.00,0.70
Galil AR,Cerberus,https://csgostash.com/skin/482/Galil-AR-Cerberus,0.00,0.90
Galil AR,Destroyer,https://csgostash.com/skin/1518/Galil-AR-Destroyer,0.00,0.70
Galil AR,Vandal,https://csgostash.com/skin/1289/Galil-AR-Vandal,0.00,1.00
Galil AR,Akoben,https://csgostash.com/skin/1059/Galil-AR-Akoben,0.00,0.75
Galil AR,Black Sand,https://csgostash.com/skin/819/Galil-AR-Black-Sand,0.00,1.00
Galil AR,Rocket Pop,https://csgostash.com/skin/583/Galil-AR-Rocket-Pop,0.00,1.00
Galil AR,Kami,https://csgostash.com/skin/344/Galil-AR-Kami,0.00,0.60
Galil AR,Blue Titanium,https://csgostash.com/skin/238/Galil-AR-Blue-Titanium,0.00,0.04
Galil AR,Sandstorm,https://csgostash.com/skin/226/Galil-AR-Sandstorm,0.10,0.60
Galil AR,Shattered,https://csgostash.com/skin/112/Galil-AR-Shattered,0.06,0.80
Galil AR,Amber Fade,https://csgostash.com/skin/1391/Galil-AR-Amber-Fade,0.00,0.40
Galil AR,Dusk Ruins,https://csgostash.com/skin/1352/Galil-AR-Dusk-Ruins,0.00,0.60
Galil AR,Aqua Terrace,https://csgostash.com/skin/621/Galil-AR-Aqua-Terrace,0.00,0.70
Galil AR,Tuxedo,https://csgostash.com/skin/361/Galil-AR-Tuxedo,0.00,0.80
Galil AR,Cold Fusion,https://csgostash.com/skin/1008/Galil-AR-Cold-Fusion,0.00,0.83
Galil AR,Urban Rubble,https://csgostash.com/skin/589/Galil-AR-Urban-Rubble,0.00,0.50
Galil AR,VariCamo,https://csgostash.com/skin/202/Galil-AR-VariCamo,0.00,0.60
Galil AR,Winter Forest,https://csgostash.com/skin/22/Galil-AR-Winter-Forest,0.06,0.80
Galil AR,Tornado,https://csgostash.com/skin/1165/Galil-AR-Tornado,0.06,0.80
Galil AR,Sage Spray,https://csgostash.com/skin/173/Galil-AR-Sage-Spray,0.06,0.80
Galil AR,Hunting Blind,https://csgostash.com/skin/191/Galil-AR-Hunting-Blind,0.00,0.60
M4A1-S,Printstream,https://csgostash.com/skin/1301/M4A1-S-Printstream,0.00,0.80
M4A1-S,Player Two,https://csgostash.com/skin/1266/M4A1-S-Player-Two,0.00,0.84
M4A1-S,Mecha Industries,https://csgostash.com/skin/752/M4A1-S-Mecha-Industries,0.00,0.80
M4A1-S,Chantico's Fire,https://csgostash.com/skin/742/M4A1-S-Chanticos-Fire,0.00,0.99
M4A1-S,Golden Coil,https://csgostash.com/skin/657/M4A1-S-Golden-Coil,0.00,1.00
M4A1-S,Hyper Beast,https://csgostash.com/skin/554/M4A1-S-Hyper-Beast,0.00,1.00
M4A1-S,Cyrex,https://csgostash.com/skin/393/M4A1-S-Cyrex,0.00,0.50
M4A1-S,Imminent Danger,https://csgostash.com/skin/1452/M4A1-S-Imminent-Danger,0.00,0.80
M4A1-S,Welcome to the Jungle,https://csgostash.com/skin/1359/M4A1-S-Welcome-to-the-Jungle,0.00,1.00
M4A1-S,Nightmare,https://csgostash.com/skin/943/M4A1-S-Nightmare,0.00,1.00
M4A1-S,Leaded Glass,https://csgostash.com/skin/910/M4A1-S-Leaded-Glass,0.00,0.70
M4A1-S,Decimator,https://csgostash.com/skin/847/M4A1-S-Decimator,0.00,0.85
M4A1-S,Atomic Alloy,https://csgostash.com/skin/351/M4A1-S-Atomic-Alloy,0.00,0.90
M4A1-S,Guardian,https://csgostash.com/skin/234/M4A1-S-Guardian,0.00,0.50
M4A1-S,Blue Phosphor,https://csgostash.com/skin/1320/M4A1-S-Blue-Phosphor,0.00,0.08
M4A1-S,Control Panel,https://csgostash.com/skin/1017/M4A1-S-Control-Panel,0.00,1.00
M4A1-S,Hot Rod,https://csgostash.com/skin/599/M4A1-S-Hot-Rod,0.00,0.08
M4A1-S,Master Piece,https://csgostash.com/skin/437/M4A1-S-Master-Piece,0.00,1.00
M4A1-S,Knight,https://csgostash.com/skin/435/M4A1-S-Knight,0.00,0.10
M4A1-S,Emphorosaur-S,https://csgostash.com/skin/1541/M4A1-S-Emphorosaur-S,0.00,0.80
M4A1-S,Night Terror,https://csgostash.com/skin/1509/M4A1-S-Night-Terror,0.00,0.70
M4A1-S,Flashback,https://csgostash.com/skin/825/M4A1-S-Flashback,0.00,1.00
M4A1-S,Basilisk,https://csgostash.com/skin/499/M4A1-S-Basilisk,0.00,0.68
M4A1-S,Bright Water,https://csgostash.com/skin/123/M4A1-S-Bright-Water,0.10,0.22
M4A1-S,Dark Water,https://csgostash.com/skin/87/M4A1-S-Dark-Water,0.10,0.26
M4A1-S,Icarus Fell,https://csgostash.com/skin/611/M4A1-S-Icarus-Fell,0.00,0.10
M4A1-S,Nitro,https://csgostash.com/skin/203/M4A1-S-Nitro,0.06,0.80
M4A1-S,Briefing,https://csgostash.com/skin/882/M4A1-S-Briefing,0.00,0.80
M4A1-S,Blood Tiger,https://csgostash.com/skin/126/M4A1-S-Blood-Tiger,0.00,0.30
M4A1-S,Fizzy POP,https://csgostash.com/skin/1418/M4A1-S-Fizzy-POP,0.00,0.57
M4A1-S,VariCamo,https://csgostash.com/skin/150/M4A1-S-VariCamo,0.00,0.60
M4A1-S,Moss Quartz,https://csgostash.com/skin/1169/M4A1-S-Moss-Quartz,0.00,0.50
M4A1-S,Boreal Forest,https://csgostash.com/skin/155/M4A1-S-Boreal-Forest,0.06,0.80
M4A4,Howl,https://csgostash.com/skin/355/M4A4-Howl,0.00,0.40
M4A4,Temukau,https://csgostash.com/skin/1550/M4A4-Temukau,0.00,0.80
M4A4,In Living Color,https://csgostash.com/skin/1377/M4A4-In-Living-Color,0.00,0.79
M4A4,The Emperor,https://csgostash.com/skin/1072/M4A4-The-Emperor,0.00,0.80
M4A4,Neo-Noir,https://csgostash.com/skin/929/M4A4-Neo-Noir,0.00,0.90
M4A4,Buzz Kill,https://csgostash.com/skin/832/M4A4-Buzz-Kill,0.00,0.70
M4A4,The Battlestar,https://csgostash.com/skin/721/M4A4-The-Battlestar,0.00,0.64
M4A4,Royal Paladin,https://csgostash.com/skin/673/M4A4-Royal-Paladin,0.00,0.80
M4A4,Bullet Rain,https://csgostash.com/skin/465/M4A4-Bullet-Rain,0.02,0.46
M4A4,Desert-Strike,https://csgostash.com/skin/391/M4A4-Desert-Strike,0.00,0.70
M4A4,Asiimov,https://csgostash.com/skin/237/M4A4-Asiimov,0.18,1.00
M4A4,X-Ray,https://csgostash.com/skin/244/M4A4-X-Ray,0.00,0.30
M4A4,The Coalition,https://csgostash.com/skin/1433/M4A4-The-Coalition,0.00,1.00
M4A4,Cyber Security,https://csgostash.com/skin/1299/M4A4-Cyber-Security,0.00,0.98
M4A4,Tooth Fairy,https://csgostash.com/skin/1281/M4A4-Tooth-Fairy,0.00,0.73
M4A4,Hellfire,https://csgostash.com/skin/894/M4A4-Hellfire,0.00,0.50
M4A4,Desolate Space,https://csgostash.com/skin/756/M4A4-Desolate-Space,0.00,1.00
M4A4,龍王 (Dragon King),https://csgostash.com/skin/519/M4A4-%E9%BE%8D%E7%8E%8B-Dragon-King,0.00,0.75
M4A4,Poseidon,https://csgostash.com/skin/612/M4A4-Poseidon,0.00,0.33
M4A4,Spider Lily,https://csgostash.com/skin/1464/M4A4-Spider-Lily,0.00,1.00
M4A4,Evil Daimyo,https://csgostash.com/skin/576/M4A4-Evil-Daimyo,0.00,0.52
M4A4,Griffin,https://csgostash.com/skin/500/M4A4-Griffin,0.00,0.80
M4A4,Zirka,https://csgostash.com/skin/119/M4A4-Zirka,0.06,0.42
M4A4,Red DDPAT,https://csgostash.com/skin/1393/M4A4-Red-DDPAT,0.00,0.50
M4A4,Daybreak,https://csgostash.com/skin/627/M4A4-Daybreak,0.00,0.60
M4A4,Modern Hunter,https://csgostash.com/skin/42/M4A4-Modern-Hunter,0.06,0.80
M4A4,Poly Mag,https://csgostash.com/skin/1519/M4A4-Poly-Mag,0.00,1.00
M4A4,Magnesium,https://csgostash.com/skin/1040/M4A4-Magnesium,0.00,1.00
M4A4,Faded Zebra,https://csgostash.com/skin/77/M4A4-Faded-Zebra,0.06,0.80
M4A4,Global Offensive,https://csgostash.com/skin/1312/M4A4-Global-Offensive,0.00,0.70
M4A4,Converter,https://csgostash.com/skin/1028/M4A4-Converter,0.00,0.40
M4A4,Radiation Hazard,https://csgostash.com/skin/24/M4A4-Radiation-Hazard,0.06,0.80
M4A4,Dark Blossom,https://csgostash.com/skin/1134/M4A4-Dark-Blossom,0.00,0.50
M4A4,Mainframe,https://csgostash.com/skin/1005/M4A4-Mainframe,0.00,0.50
M4A4,Urban DDPAT,https://csgostash.com/skin/225/M4A4-Urban-DDPAT,0.06,0.80
M4A4,Desert Storm,https://csgostash.com/skin/64/M4A4-Desert-Storm,0.06,0.80
M4A4,Tornado,https://csgostash.com/skin/44/M4A4-Tornado,0.06,0.80
M4A4,Jungle Tiger,https://csgostash.com/skin/55/M4A4-Jungle-Tiger,0.06,0.80
SCAR-20,Bloodsport,https://csgostash.com/skin/754/SCAR-20-Bloodsport,0.00,0.45
SCAR-20,Cardiac,https://csgostash.com/skin/506/SCAR-20-Cardiac,0.00,1.00
SCAR-20,Cyrex,https://csgostash.com/skin/352/SCAR-20-Cyrex,0.00,0.50
SCAR-20,Splash Jam,https://csgostash.com/skin/32/SCAR-20-Splash-Jam,0.06,0.80
SCAR-20,Enforcer,https://csgostash.com/skin/1260/SCAR-20-Enforcer,0.00,1.00
SCAR-20,Powercore,https://csgostash.com/skin/811/SCAR-20-Powercore,0.00,1.00
SCAR-20,Emerald,https://csgostash.com/skin/93/SCAR-20-Emerald,0.00,0.08
SCAR-20,Fragments,https://csgostash.com/skin/1536/SCAR-20-Fragments,0.00,0.78
SCAR-20,Poultrygeist,https://csgostash.com/skin/1505/SCAR-20-Poultrygeist,0.00,0.57
SCAR-20,Torn,https://csgostash.com/skin/1187/SCAR-20-Torn,0.00,0.45
SCAR-20,Assault,https://csgostash.com/skin/1102/SCAR-20-Assault,0.00,0.62
SCAR-20,Jungle Slipstream,https://csgostash.com/skin/903/SCAR-20-Jungle-Slipstream,0.00,0.50
SCAR-20,Blueprint,https://csgostash.com/skin/834/SCAR-20-Blueprint,0.00,0.75
SCAR-20,Outbreak,https://csgostash.com/skin/679/SCAR-20-Outbreak,0.00,0.50
SCAR-20,Green Marine,https://csgostash.com/skin/648/SCAR-20-Green-Marine,0.00,0.80
SCAR-20,Grotto,https://csgostash.com/skin/521/SCAR-20-Grotto,0.00,0.50
SCAR-20,Crimson Web,https://csgostash.com/skin/135/SCAR-20-Crimson-Web,0.06,0.80
SCAR-20,Magna Carta,https://csgostash.com/skin/1315/SCAR-20-Magna-Carta,0.00,0.60
SCAR-20,Brass,https://csgostash.com/skin/1173/SCAR-20-Brass,0.00,1.00
SCAR-20,Carbon Fiber,https://csgostash.com/skin/219/SCAR-20-Carbon-Fiber,0.00,0.12
SCAR-20,Palm,https://csgostash.com/skin/62/SCAR-20-Palm,0.06,0.80
SCAR-20,Stone Mosaico,https://csgostash.com/skin/1147/SCAR-20-Stone-Mosaico,0.06,0.50
SCAR-20,Army Sheen,https://csgostash.com/skin/584/SCAR-20-Army-Sheen,0.00,0.30
SCAR-20,Storm,https://csgostash.com/skin/426/SCAR-20-Storm,0.06,0.80
SCAR-20,Contractor,https://csgostash.com/skin/197/SCAR-20-Contractor,0.06,0.80
SCAR-20,Sand Mesh,https://csgostash.com/skin/141/SCAR-20-Sand-Mesh,0.06,0.80
SG 553,Colony IV,https://csgostash.com/skin/1195/SG-553-Colony-IV,0.00,1.00
SG 553,Cyrex,https://csgostash.com/skin/570/SG-553-Cyrex,0.00,1.00
SG 553,Hazard Pay,https://csgostash.com/skin/1451/SG-553-Hazard-Pay,0.00,0.48
SG 553,Integrale,https://csgostash.com/skin/1035/SG-553-Integrale,0.00,1.00
SG 553,Dragon Tech,https://csgostash.com/skin/1526/SG-553-Dragon-Tech,0.00,0.70
SG 553,Darkwing,https://csgostash.com/skin/1261/SG-553-Darkwing,0.00,1.00
SG 553,Phantom,https://csgostash.com/skin/905/SG-553-Phantom,0.00,0.60
SG 553,Triarch,https://csgostash.com/skin/812/SG-553-Triarch,0.00,1.00
SG 553,Tiger Moth,https://csgostash.com/skin/683/SG-553-Tiger-Moth,0.00,1.00
SG 553,Pulse,https://csgostash.com/skin/268/SG-553-Pulse,0.10,0.60
SG 553,Hypnotic,https://csgostash.com/skin/1336/SG-553-Hypnotic,0.00,0.08
SG 553,Bulldozer,https://csgostash.com/skin/596/SG-553-Bulldozer,0.06,0.80
SG 553,Cyberforce,https://csgostash.com/skin/1539/SG-553-Cyberforce,0.00,0.90
SG 553,Heavy Metal,https://csgostash.com/skin/1363/SG-553-Heavy-Metal,0.00,1.00
SG 553,Ol' Rusty,https://csgostash.com/skin/1271/SG-553-Ol-Rusty,0.00,0.70
SG 553,Danger Close,https://csgostash.com/skin/1042/SG-553-Danger-Close,0.02,0.80
SG 553,Aloha,https://csgostash.com/skin/919/SG-553-Aloha,0.00,0.55
SG 553,Aerial,https://csgostash.com/skin/763/SG-553-Aerial,0.00,0.60
SG 553,Atlas,https://csgostash.com/skin/747/SG-553-Atlas,0.00,0.81
SG 553,Wave Spray,https://csgostash.com/skin/113/SG-553-Wave-Spray,0.06,0.80
SG 553,Ultraviolet,https://csgostash.com/skin/81/SG-553-Ultraviolet,0.06,0.80
SG 553,Desert Blossom,https://csgostash.com/skin/1410/SG-553-Desert-Blossom,0.00,0.49
SG 553,Anodized Navy,https://csgostash.com/skin/180/SG-553-Anodized-Navy,0.00,0.08
SG 553,Damascus Steel,https://csgostash.com/skin/139/SG-553-Damascus-Steel,0.00,1.00
SG 553,Candy Apple,https://csgostash.com/skin/1152/SG-553-Candy-Apple,0.00,0.70
SG 553,Fallout Warning,https://csgostash.com/skin/494/SG-553-Fallout-Warning,0.00,0.80
SG 553,Traveler,https://csgostash.com/skin/417/SG-553-Traveler,0.00,1.00
SG 553,Gator Mesh,https://csgostash.com/skin/190/SG-553-Gator-Mesh,0.00,0.60
SG 553,Bleached,https://csgostash.com/skin/1381/SG-553-Bleached,0.00,0.50
SG 553,Lush Ruins,https://csgostash.com/skin/1342/SG-553-Lush-Ruins,0.00,0.70
SG 553,Barricade,https://csgostash.com/skin/1164/SG-553-Barricade,0.00,0.65
SG 553,Army Sheen,https://csgostash.com/skin/368/SG-553-Army-Sheen,0.00,0.30
SG 553,Waves Perforated,https://csgostash.com/skin/176/SG-553-Waves-Perforated,0.06,0.80
SG 553,Tornado,https://csgostash.com/skin/14/SG-553-Tornado,0.06,0.80
SSG 08,Dragonfire,https://csgostash.com/skin/831/SSG-08-Dragonfire,0.00,0.50
SSG 08,Blood in the Water,https://csgostash.com/skin/124/SSG-08-Blood-in-the-Water,0.06,0.20
SSG 08,Turbo Peek,https://csgostash.com/skin/1467/SSG-08-Turbo-Peek,0.00,0.60
SSG 08,Bloodshot,https://csgostash.com/skin/1196/SSG-08-Bloodshot,0.14,0.60
SSG 08,Big Iron,https://csgostash.com/skin/656/SSG-08-Big-Iron,0.00,0.64
SSG 08,Death Strike,https://csgostash.com/skin/1396/SSG-08-Death-Strike,0.00,0.80
SSG 08,Parallax,https://csgostash.com/skin/1296/SSG-08-Parallax,0.00,1.00
SSG 08,Fever Dream,https://csgostash.com/skin/1262/SSG-08-Fever-Dream,0.00,0.72
SSG 08,Death's Head,https://csgostash.com/skin/891/SSG-08-Deaths-Head,0.00,0.51
SSG 08,Ghost Crusader,https://csgostash.com/skin/748/SSG-08-Ghost-Crusader,0.00,1.00
SSG 08,Sea Calico,https://csgostash.com/skin/1141/SSG-08-Sea-Calico,0.00,0.50
SSG 08,Mainframe 001,https://csgostash.com/skin/1272/SSG-08-Mainframe-001,0.00,1.00
SSG 08,Necropos,https://csgostash.com/skin/709/SSG-08-Necropos,0.00,1.00
SSG 08,Dark Water,https://csgostash.com/skin/480/SSG-08-Dark-Water,0.10,0.26
SSG 08,Abyss,https://csgostash.com/skin/398/SSG-08-Abyss,0.00,1.00
SSG 08,Slashed,https://csgostash.com/skin/342/SSG-08-Slashed,0.15,0.80
SSG 08,Spring Twilly,https://csgostash.com/skin/1419/SSG-08-Spring-Twilly,0.00,0.55
SSG 08,Threat Detected,https://csgostash.com/skin/1313/SSG-08-Threat-Detected,0.00,0.65
SSG 08,Orange Filigree,https://csgostash.com/skin/1158/SSG-08-Orange-Filigree,0.00,0.50
SSG 08,Hand Brake,https://csgostash.com/skin/1027/SSG-08-Hand-Brake,0.00,1.00
SSG 08,Detour,https://csgostash.com/skin/451/SSG-08-Detour,0.00,0.43
SSG 08,Acid Fade,https://csgostash.com/skin/200/SSG-08-Acid-Fade,0.00,0.03
SSG 08,Carbon Fiber,https://csgostash.com/skin/1441/SSG-08-Carbon-Fiber,0.00,0.12
SSG 08,Tropical Storm,https://csgostash.com/skin/188/SSG-08-Tropical-Storm,0.06,0.80
SSG 08,Mayan Dreams,https://csgostash.com/skin/107/SSG-08-Mayan-Dreams,0.06,0.80
SSG 08,Prey,https://csgostash.com/skin/1402/SSG-08-Prey,0.00,0.48
SSG 08,Jungle Dashed,https://csgostash.com/skin/1344/SSG-08-Jungle-Dashed,0.06,0.80
SSG 08,Red Stone,https://csgostash.com/skin/1167/SSG-08-Red-Stone,0.06,0.50
SSG 08,Sand Dune,https://csgostash.com/skin/416/SSG-08-Sand-Dune,0.06,0.80
SSG 08,Blue Spruce,https://csgostash.com/skin/199/SSG-08-Blue-Spruce,0.06,0.80
SSG 08,Lichen Dashed,https://csgostash.com/skin/56/SSG-08-Lichen-Dashed,0.06,0.80
MAC-10,Stalker,https://csgostash.com/skin/1198/MAC-10-Stalker,0.00,1.00
MAC-10,Neon Rider,https://csgostash.com/skin/553/MAC-10-Neon-Rider,0.00,0.45
MAC-10,Toybox,https://csgostash.com/skin/1465/MAC-10-Toybox,0.00,1.00
MAC-10,Disco Tech,https://csgostash.com/skin/1264/MAC-10-Disco-Tech,0.00,1.00
MAC-10,Propaganda,https://csgostash.com/skin/1430/MAC-10-Propaganda,0.00,0.62
MAC-10,Hot Snakes,https://csgostash.com/skin/1339/MAC-10-Hot-Snakes,0.00,1.00
MAC-10,Sakkaku,https://csgostash.com/skin/1543/MAC-10-Sakkaku,0.21,0.79
MAC-10,Button Masher,https://csgostash.com/skin/1371/MAC-10-Button-Masher,0.00,1.00
MAC-10,Allure,https://csgostash.com/skin/1278/MAC-10-Allure,0.00,1.00
MAC-10,Pipe Down,https://csgostash.com/skin/1046/MAC-10-Pipe-Down,0.00,0.90
MAC-10,Last Dive,https://csgostash.com/skin/842/MAC-10-Last-Dive,0.00,0.52
MAC-10,Malachite,https://csgostash.com/skin/516/MAC-10-Malachite,0.00,0.50
MAC-10,Tatter,https://csgostash.com/skin/388/MAC-10-Tatter,0.00,0.50
MAC-10,Curse,https://csgostash.com/skin/349/MAC-10-Curse,0.00,0.50
MAC-10,Heat,https://csgostash.com/skin/267/MAC-10-Heat,0.00,1.00
MAC-10,Graven,https://csgostash.com/skin/116/MAC-10-Graven,0.06,0.80
MAC-10,Case Hardened,https://csgostash.com/skin/1394/MAC-10-Case-Hardened,0.00,1.00
MAC-10,Gold Brick,https://csgostash.com/skin/1355/MAC-10-Gold-Brick,0.00,0.70
MAC-10,Red Filigree,https://csgostash.com/skin/1160/MAC-10-Red-Filigree,0.00,0.50
MAC-10,Monkeyflage,https://csgostash.com/skin/1520/MAC-10-Monkeyflage,0.00,1.00
MAC-10,Ensnared,https://csgostash.com/skin/1501/MAC-10-Ensnared,0.00,0.90
MAC-10,Classic Crate,https://csgostash.com/skin/1100/MAC-10-Classic-Crate,0.00,1.00
MAC-10,Whitefish,https://csgostash.com/skin/1058/MAC-10-Whitefish,0.00,1.00
MAC-10,Oceanic,https://csgostash.com/skin/901/MAC-10-Oceanic,0.00,0.60
MAC-10,Aloha,https://csgostash.com/skin/883/MAC-10-Aloha,0.00,0.65
MAC-10,Carnivore,https://csgostash.com/skin/767/MAC-10-Carnivore,0.00,1.00
MAC-10,Lapis Gator,https://csgostash.com/skin/708/MAC-10-Lapis-Gator,0.00,0.50
MAC-10,Rangeen,https://csgostash.com/skin/646/MAC-10-Rangeen,0.00,0.50
MAC-10,Ultraviolet,https://csgostash.com/skin/479/MAC-10-Ultraviolet,0.06,0.80
MAC-10,Copper Borre,https://csgostash.com/skin/1176/MAC-10-Copper-Borre,0.00,0.50
MAC-10,Fade,https://csgostash.com/skin/591/MAC-10-Fade,0.00,0.08
MAC-10,Nuclear Garden,https://csgostash.com/skin/486/MAC-10-Nuclear-Garden,0.00,0.70
MAC-10,Amber Fade,https://csgostash.com/skin/186/MAC-10-Amber-Fade,0.00,0.40
MAC-10,Calf Skin,https://csgostash.com/skin/1024/MAC-10-Calf-Skin,0.00,1.00
MAC-10,Commuter,https://csgostash.com/skin/408/MAC-10-Commuter,0.00,1.00
MAC-10,Silver,https://csgostash.com/skin/363/MAC-10-Silver,0.00,0.08
MAC-10,Candy Apple,https://csgostash.com/skin/224/MAC-10-Candy-Apple,0.00,0.30
MAC-10,Palm,https://csgostash.com/skin/147/MAC-10-Palm,0.06,0.80
MAC-10,Strats,https://csgostash.com/skin/1434/MAC-10-Strats,0.00,0.60
MAC-10,Sienna Damask,https://csgostash.com/skin/1401/MAC-10-Sienna-Damask,0.00,0.60
MAC-10,Surfwood,https://csgostash.com/skin/1129/MAC-10-Surfwood,0.00,0.50
MAC-10,Indigo,https://csgostash.com/skin/425/MAC-10-Indigo,0.06,0.80
MAC-10,Tornado,https://csgostash.com/skin/38/MAC-10-Tornado,0.06,0.80
MAC-10,Urban DDPAT,https://csgostash.com/skin/51/MAC-10-Urban-DDPAT,0.06,0.80
MP5-SD,Phosphor,https://csgostash.com/skin/1051/MP5-SD-Phosphor,0.00,0.80
MP5-SD,Oxide Oasis,https://csgostash.com/skin/1414/MP5-SD-Oxide-Oasis,0.00,0.55
MP5-SD,Kitbash,https://csgostash.com/skin/1280/MP5-SD-Kitbash,0.00,0.80
MP5-SD,Agent,https://csgostash.com/skin/1106/MP5-SD-Agent,0.00,1.00
MP5-SD,Gauss,https://csgostash.com/skin/1066/MP5-SD-Gauss,0.00,1.00
MP5-SD,Autumn Twilly,https://csgostash.com/skin/1427/MP5-SD-Autumn-Twilly,0.00,0.58
MP5-SD,Lab Rats,https://csgostash.com/skin/1036/MP5-SD-Lab-Rats,0.00,0.35
MP5-SD,Liquidation,https://csgostash.com/skin/1538/MP5-SD-Liquidation,0.00,1.00
MP5-SD,Necro Jr.,https://csgostash.com/skin/1503/MP5-SD-Necro-Jr,0.00,1.00
MP5-SD,Condition Zero,https://csgostash.com/skin/1292/MP5-SD-Condition-Zero,0.00,1.00
MP5-SD,Desert Strike,https://csgostash.com/skin/1255/MP5-SD-Desert-Strike,0.00,1.00
MP5-SD,Acid Wash,https://csgostash.com/skin/1182/MP5-SD-Acid-Wash,0.00,0.68
MP5-SD,Co-Processor,https://csgostash.com/skin/1010/MP5-SD-Co-Processor,0.00,0.50
MP5-SD,Nitro,https://csgostash.com/skin/1310/MP5-SD-Nitro,0.06,0.80
MP5-SD,Bamboo Garden,https://csgostash.com/skin/1128/MP5-SD-Bamboo-Garden,0.00,0.55
MP5-SD,Dirt Drop,https://csgostash.com/skin/1019/MP5-SD-Dirt-Drop,0.06,0.80
MP7,Bloodsport,https://csgostash.com/skin/930/MP7-Bloodsport,0.00,0.65
MP7,Abyssal Apparition,https://csgostash.com/skin/1514/MP7-Abyssal-Apparition,0.00,1.00
MP7,Nemesis,https://csgostash.com/skin/571/MP7-Nemesis,0.00,0.32
MP7,Neon Ply,https://csgostash.com/skin/1192/MP7-Neon-Ply,0.00,1.00
MP7,Powercore,https://csgostash.com/skin/942/MP7-Powercore,0.00,0.80
MP7,Impire,https://csgostash.com/skin/716/MP7-Impire,0.00,0.40
MP7,Special Delivery,https://csgostash.com/skin/652/MP7-Special-Delivery,0.00,0.62
MP7,Ocean Foam,https://csgostash.com/skin/473/MP7-Ocean-Foam,0.00,0.08
MP7,Fade,https://csgostash.com/skin/1032/MP7-Fade,0.00,0.25
MP7,Guerrilla,https://csgostash.com/skin/1456/MP7-Guerrilla,0.00,1.00
MP7,Mischief,https://csgostash.com/skin/1060/MP7-Mischief,0.10,1.00
MP7,Akoben,https://csgostash.com/skin/837/MP7-Akoben,0.00,0.70
MP7,Cirrus,https://csgostash.com/skin/818/MP7-Cirrus,0.00,0.75
MP7,Armor Core,https://csgostash.com/skin/566/MP7-Armor-Core,0.00,0.50
MP7,Urban Hazard,https://csgostash.com/skin/394/MP7-Urban-Hazard,0.00,0.50
MP7,Skulls,https://csgostash.com/skin/86/MP7-Skulls,0.10,0.26
MP7,Teal Blossom,https://csgostash.com/skin/1139/MP7-Teal-Blossom,0.00,0.50
MP7,Full Stop,https://csgostash.com/skin/593/MP7-Full-Stop,0.00,0.60
MP7,Anodized Navy,https://csgostash.com/skin/163/MP7-Anodized-Navy,0.00,0.08
MP7,Whiteout,https://csgostash.com/skin/19/MP7-Whiteout,0.06,0.80
MP7,Vault Heist,https://csgostash.com/skin/1327/MP7-Vault-Heist,0.00,0.60
MP7,Tall Grass,https://csgostash.com/skin/1347/MP7-Tall-Grass,0.00,0.65
MP7,Motherboard,https://csgostash.com/skin/1006/MP7-Motherboard,0.00,0.50
MP7,Gunsmoke,https://csgostash.com/skin/439/MP7-Gunsmoke,0.06,0.80
MP7,Orange Peel,https://csgostash.com/skin/194/MP7-Orange-Peel,0.06,0.80
MP7,Prey,https://csgostash.com/skin/1382/MP7-Prey,0.00,0.48
MP7,Scorched,https://csgostash.com/skin/1166/MP7-Scorched,0.06,0.80
MP7,Asterion,https://csgostash.com/skin/600/MP7-Asterion,0.00,0.55
MP7,Olive Plaid,https://csgostash.com/skin/413/MP7-Olive-Plaid,0.00,0.58
MP7,Forest DDPAT,https://csgostash.com/skin/364/MP7-Forest-DDPAT,0.06,0.80
MP7,Army Recon,https://csgostash.com/skin/206/MP7-Army-Recon,0.06,0.80
MP7,Groundwater,https://csgostash.com/skin/94/MP7-Groundwater,0.06,0.80
MP9,Starlight Protector,https://csgostash.com/skin/1516/MP9-Starlight-Protector,0.00,0.80
MP9,Food Chain,https://csgostash.com/skin/1373/MP9-Food-Chain,0.00,1.00
MP9,Hydra,https://csgostash.com/skin/1110/MP9-Hydra,0.00,1.00
MP9,Airlock,https://csgostash.com/skin/808/MP9-Airlock,0.00,1.00
MP9,Wild Lily,https://csgostash.com/skin/1144/MP9-Wild-Lily,0.00,0.70
MP9,Mount Fuji,https://csgostash.com/skin/1463/MP9-Mount-Fuji,0.00,0.55
MP9,Goo,https://csgostash.com/skin/904/MP9-Goo,0.00,0.60
MP9,Ruby Poison Dart,https://csgostash.com/skin/575/MP9-Ruby-Poison-Dart,0.00,0.50
MP9,Rose Iron,https://csgostash.com/skin/232/MP9-Rose-Iron,0.00,0.30
MP9,Hypnotic,https://csgostash.com/skin/127/MP9-Hypnotic,0.00,0.08
MP9,Stained Glass,https://csgostash.com/skin/1159/MP9-Stained-Glass,0.00,0.50
MP9,Bulldozer,https://csgostash.com/skin/13/MP9-Bulldozer,0.06,0.80
MP9,Featherweight,https://csgostash.com/skin/1535/MP9-Featherweight,0.00,1.00
MP9,Modest Threat,https://csgostash.com/skin/1037/MP9-Modest-Threat,0.00,0.75
MP9,Capillary,https://csgostash.com/skin/934/MP9-Capillary,0.00,0.70
MP9,Black Sand,https://csgostash.com/skin/916/MP9-Black-Sand,0.00,1.00
MP9,Sand Scale,https://csgostash.com/skin/820/MP9-Sand-Scale,0.00,0.45
MP9,Bioleak,https://csgostash.com/skin/743/MP9-Bioleak,0.00,0.50
MP9,Deadly Poison,https://csgostash.com/skin/517/MP9-Deadly-Poison,0.00,1.00
MP9,Dart,https://csgostash.com/skin/502/MP9-Dart,0.00,0.46
MP9,Music Box,https://csgostash.com/skin/1408/MP9-Music-Box,0.00,0.55
MP9,Pandora's Box,https://csgostash.com/skin/609/MP9-Pandoras-Box,0.00,0.30
MP9,Setting Sun,https://csgostash.com/skin/488/MP9-Setting-Sun,0.00,1.00
MP9,Dark Age,https://csgostash.com/skin/431/MP9-Dark-Age,0.00,0.22
MP9,Hot Rod,https://csgostash.com/skin/195/MP9-Hot-Rod,0.00,0.08
MP9,Old Roots,https://csgostash.com/skin/1385/MP9-Old-Roots,0.00,0.50
MP9,Orange Peel,https://csgostash.com/skin/210/MP9-Orange-Peel,0.06,0.80
MP9,Army Sheen,https://csgostash.com/skin/1305/MP9-Army-Sheen,0.00,0.30
MP9,Slide,https://csgostash.com/skin/1020/MP9-Slide,0.06,0.80
MP9,Green Plaid,https://csgostash.com/skin/415/MP9-Green-Plaid,0.00,0.58
MP9,Storm,https://csgostash.com/skin/447/MP9-Storm,0.06,0.80
MP9,Sand Dashed,https://csgostash.com/skin/145/MP9-Sand-Dashed,0.06,0.80
MP9,Dry Season,https://csgostash.com/skin/101/MP9-Dry-Season,0.06,0.80
PP-Bizon,Judgement of Anubis,https://csgostash.com/skin/736/PP-Bizon-Judgement-of-Anubis,0.00,0.50
PP-Bizon,High Roller,https://csgostash.com/skin/909/PP-Bizon-High-Roller,0.00,1.00
PP-Bizon,Space Cat,https://csgostash.com/skin/1507/PP-Bizon-Space-Cat,0.00,0.67
PP-Bizon,Embargo,https://csgostash.com/skin/1189/PP-Bizon-Embargo,0.00,1.00
PP-Bizon,Fuel Rod,https://csgostash.com/skin/680/PP-Bizon-Fuel-Rod,0.00,1.00
PP-Bizon,Blue Streak,https://csgostash.com/skin/474/PP-Bizon-Blue-Streak,0.06,0.80
PP-Bizon,Osiris,https://csgostash.com/skin/400/PP-Bizon-Osiris,0.00,0.50
PP-Bizon,Antique,https://csgostash.com/skin/348/PP-Bizon-Antique,0.00,0.50
PP-Bizon,Lumen,https://csgostash.com/skin/1457/PP-Bizon-Lumen,0.00,0.77
PP-Bizon,Runic,https://csgostash.com/skin/1275/PP-Bizon-Runic,0.00,1.00
PP-Bizon,Night Riot,https://csgostash.com/skin/914/PP-Bizon-Night-Riot,0.00,0.80
PP-Bizon,Jungle Slipstream,https://csgostash.com/skin/833/PP-Bizon-Jungle-Slipstream,0.00,0.50
PP-Bizon,Harvester,https://csgostash.com/skin/764/PP-Bizon-Harvester,0.00,1.00
PP-Bizon,Photic Zone,https://csgostash.com/skin/706/PP-Bizon-Photic-Zone,0.00,1.00
PP-Bizon,Water Sigil,https://csgostash.com/skin/241/PP-Bizon-Water-Sigil,0.00,0.50
PP-Bizon,Cobalt Halftone,https://csgostash.com/skin/229/PP-Bizon-Cobalt-Halftone,0.05,0.45
PP-Bizon,Brass,https://csgostash.com/skin/146/PP-Bizon-Brass,0.00,1.00
PP-Bizon,Rust Coat,https://csgostash.com/skin/97/PP-Bizon-Rust-Coat,0.00,1.00
PP-Bizon,Modern Hunter,https://csgostash.com/skin/35/PP-Bizon-Modern-Hunter,0.06,0.80
PP-Bizon,Breaker Box,https://csgostash.com/skin/1442/PP-Bizon-Breaker-Box,0.00,0.44
PP-Bizon,Candy Apple,https://csgostash.com/skin/1023/PP-Bizon-Candy-Apple,0.00,0.30
PP-Bizon,Chemical Green,https://csgostash.com/skin/489/PP-Bizon-Chemical-Green,0.00,0.90
PP-Bizon,Night Ops,https://csgostash.com/skin/174/PP-Bizon-Night-Ops,0.00,0.60
PP-Bizon,Carbon Fiber,https://csgostash.com/skin/50/PP-Bizon-Carbon-Fiber,0.00,0.12
PP-Bizon,Anolis,https://csgostash.com/skin/1399/PP-Bizon-Anolis,0.00,0.50
PP-Bizon,Death Rattle,https://csgostash.com/skin/1325/PP-Bizon-Death-Rattle,0.08,0.50
PP-Bizon,Seabird,https://csgostash.com/skin/1130/PP-Bizon-Seabird,0.00,0.50
PP-Bizon,Facility Sketch,https://csgostash.com/skin/1000/PP-Bizon-Facility-Sketch,0.00,0.50
PP-Bizon,Bamboo Print,https://csgostash.com/skin/614/PP-Bizon-Bamboo-Print,0.00,0.80
PP-Bizon,Sand Dashed,https://csgostash.com/skin/164/PP-Bizon-Sand-Dashed,0.06,0.80
PP-Bizon,Urban Dashed,https://csgostash.com/skin/223/PP-Bizon-Urban-Dashed,0.06,0.80
PP-Bizon,Irradiated Alert,https://csgostash.com/skin/26/PP-Bizon-Irradiated-Alert,0.06,0.80
PP-Bizon,Forest Leaves,https://csgostash.com/skin/34/PP-Bizon-Forest-Leaves,0.06,0.80
P90,Asiimov,https://csgostash.com/skin/406/P90-Asiimov,0.00,0.92
P90,Death by Kitty,https://csgostash.com/skin/70/P90-Death-by-Kitty,0.08,0.32
P90,Nostalgia,https://csgostash.com/skin/1111/P90-Nostalgia,0.00,0.57
P90,Shallow Grave,https://csgostash.com/skin/829/P90-Shallow-Grave,0.00,0.75
P90,Shapewood,https://csgostash.com/skin/687/P90-Shapewood,0.00,1.00
P90,Trigon,https://csgostash.com/skin/272/P90-Trigon,0.08,0.75
P90,Cold Blooded,https://csgostash.com/skin/128/P90-Cold-Blooded,0.00,0.08
P90,Emerald Dragon,https://csgostash.com/skin/121/P90-Emerald-Dragon,0.06,0.52
P90,Run and Hide,https://csgostash.com/skin/1357/P90-Run-and-Hide,0.00,1.00
P90,Neoqueen,https://csgostash.com/skin/1545/P90-Neoqueen,0.00,0.60
P90,Vent Rush,https://csgostash.com/skin/1527/P90-Vent-Rush,0.00,0.70
P90,Death Grip,https://csgostash.com/skin/890/P90-Death-Grip,0.00,1.00
P90,Chopper,https://csgostash.com/skin/759/P90-Chopper,0.00,0.60
P90,Virus,https://csgostash.com/skin/481/P90-Virus,0.06,0.80
P90,Blind Spot,https://csgostash.com/skin/247/P90-Blind-Spot,0.00,0.50
P90,Astral Jörmungandr,https://csgostash.com/skin/1179/P90-Astral-J%C3%B6rmungandr,0.00,0.50
P90,Cocoa Rampage,https://csgostash.com/skin/1287/P90-Cocoa-Rampage,0.00,0.60
P90,Freight,https://csgostash.com/skin/1274/P90-Freight,0.00,1.00
P90,Off World,https://csgostash.com/skin/1062/P90-Off-World,0.00,0.75
P90,Traction,https://csgostash.com/skin/935/P90-Traction,0.00,1.00
P90,Grim,https://csgostash.com/skin/810/P90-Grim,0.00,0.80
P90,Elite Build,https://csgostash.com/skin/580/P90-Elite-Build,0.00,1.00
P90,Module,https://csgostash.com/skin/386/P90-Module,0.00,0.35
P90,Desert Warfare,https://csgostash.com/skin/345/P90-Desert-Warfare,0.00,0.50
P90,Schematic,https://csgostash.com/skin/1444/P90-Schematic,0.00,0.50
P90,Tiger Pit,https://csgostash.com/skin/1333/P90-Tiger-Pit,0.00,0.50
P90,Baroque Red,https://csgostash.com/skin/1155/P90-Baroque-Red,0.00,0.50
P90,Facility Negative,https://csgostash.com/skin/1009/P90-Facility-Negative,0.00,0.50
P90,Teardown,https://csgostash.com/skin/175/P90-Teardown,0.00,0.60
P90,Glacier Mesh,https://csgostash.com/skin/52/P90-Glacier-Mesh,0.06,0.80
P90,Verdant Growth,https://csgostash.com/skin/1406/P90-Verdant-Growth,0.00,0.47
P90,Sunset Lily,https://csgostash.com/skin/1133/P90-Sunset-Lily,0.00,0.50
P90,Leather,https://csgostash.com/skin/407/P90-Leather,0.00,1.00
P90,Ash Wood,https://csgostash.com/skin/222/P90-Ash-Wood,0.00,0.45
P90,Fallout Warning,https://csgostash.com/skin/27/P90-Fallout-Warning,0.06,0.80
P90,Desert DDPAT,https://csgostash.com/skin/1380/P90-Desert-DDPAT,0.00,0.50
P90,Ancient Earth,https://csgostash.com/skin/1341/P90-Ancient-Earth,0.00,0.50
P90,Storm,https://csgostash.com/skin/423/P90-Storm,0.06,0.80
P90,Scorched,https://csgostash.com/skin/189/P90-Scorched,0.06,0.80
P90,Sand Spray,https://csgostash.com/skin/144/P90-Sand-Spray,0.06,0.80
UMP-45,Wild Child,https://csgostash.com/skin/1546/UMP-45-Wild-Child,0.00,1.00
UMP-45,Momentum,https://csgostash.com/skin/1049/UMP-45-Momentum,0.00,0.50
UMP-45,Primal Saber,https://csgostash.com/skin/750/UMP-45-Primal-Saber,0.00,0.77
UMP-45,Fade,https://csgostash.com/skin/1395/UMP-45-Fade,0.00,0.08
UMP-45,Gold Bismuth,https://csgostash.com/skin/1297/UMP-45-Gold-Bismuth,0.00,0.70
UMP-45,Plastique,https://csgostash.com/skin/1109/UMP-45-Plastique,0.00,0.80
UMP-45,Moonrise,https://csgostash.com/skin/1067/UMP-45-Moonrise,0.00,0.40
UMP-45,Arctic Wolf,https://csgostash.com/skin/925/UMP-45-Arctic-Wolf,0.00,0.80
UMP-45,Exposure,https://csgostash.com/skin/907/UMP-45-Exposure,0.00,0.55
UMP-45,Scaffold,https://csgostash.com/skin/843/UMP-45-Scaffold,0.00,1.00
UMP-45,Grand Prix,https://csgostash.com/skin/558/UMP-45-Grand-Prix,0.25,0.35
UMP-45,Crime Scene,https://csgostash.com/skin/1318/UMP-45-Crime-Scene,0.00,0.75
UMP-45,Roadblock,https://csgostash.com/skin/1522/UMP-45-Roadblock,0.00,1.00
UMP-45,Oscillator,https://csgostash.com/skin/1365/UMP-45-Oscillator,0.00,0.50
UMP-45,Metal Flowers,https://csgostash.com/skin/886/UMP-45-Metal-Flowers,0.00,0.70
UMP-45,Briefing,https://csgostash.com/skin/814/UMP-45-Briefing,0.00,1.00
UMP-45,Riot,https://csgostash.com/skin/579/UMP-45-Riot,0.00,0.70
UMP-45,Delusion,https://csgostash.com/skin/507/UMP-45-Delusion,0.06,0.35
UMP-45,Labyrinth,https://csgostash.com/skin/399/UMP-45-Labyrinth,0.00,0.40
UMP-45,Corporal,https://csgostash.com/skin/263/UMP-45-Corporal,0.05,0.75
UMP-45,Bone Pile,https://csgostash.com/skin/115/UMP-45-Bone-Pile,0.06,0.34
UMP-45,Full Stop,https://csgostash.com/skin/1421/UMP-45-Full-Stop,0.00,0.60
UMP-45,Day Lily,https://csgostash.com/skin/1137/UMP-45-Day-Lily,0.00,0.55
UMP-45,Minotaur's Labyrinth,https://csgostash.com/skin/608/UMP-45-Minotaurs-Labyrinth,0.00,0.39
UMP-45,Blaze,https://csgostash.com/skin/193/UMP-45-Blaze,0.00,0.08
UMP-45,Mechanism,https://csgostash.com/skin/1440/UMP-45-Mechanism,0.00,0.49
UMP-45,Houndstooth,https://csgostash.com/skin/1328/UMP-45-Houndstooth,0.00,0.60
UMP-45,Carbon Fiber,https://csgostash.com/skin/370/UMP-45-Carbon-Fiber,0.00,0.12
UMP-45,Gunsmoke,https://csgostash.com/skin/157/UMP-45-Gunsmoke,0.06,0.80
UMP-45,Fallout Warning,https://csgostash.com/skin/25/UMP-45-Fallout-Warning,0.06,0.80
UMP-45,Mudder,https://csgostash.com/skin/1018/UMP-45-Mudder,0.06,0.80
UMP-45,Facility Dark,https://csgostash.com/skin/1002/UMP-45-Facility-Dark,0.00,0.50
UMP-45,Indigo,https://csgostash.com/skin/424/UMP-45-Indigo,0.06,0.80
UMP-45,Scorched,https://csgostash.com/skin/444/UMP-45-Scorched,0.06,0.80
UMP-45,Urban DDPAT,https://csgostash.com/skin/211/UMP-45-Urban-DDPAT,0.06,0.80
UMP-45,Caramel,https://csgostash.com/skin/7/UMP-45-Caramel,0.06,0.80
MAG-7,Justice,https://csgostash.com/skin/1265/MAG-7-Justice,0.00,1.00
MAG-7,Cinquedea,https://csgostash.com/skin/1162/MAG-7-Cinquedea,0.00,1.00
MAG-7,BI83 Spectrum,https://csgostash.com/skin/1460/MAG-7-BI83-Spectrum,0.00,0.60
MAG-7,Monster Call,https://csgostash.com/skin/1276/MAG-7-Monster-Call,0.00,1.00
MAG-7,SWAG-7,https://csgostash.com/skin/924/MAG-7-SWAG-7,0.00,0.92
MAG-7,Petroglyph,https://csgostash.com/skin/807/MAG-7-Petroglyph,0.00,0.44
MAG-7,Praetorian,https://csgostash.com/skin/715/MAG-7-Praetorian,0.00,0.45
MAG-7,Heat,https://csgostash.com/skin/560/MAG-7-Heat,0.00,1.00
MAG-7,Prism Terrace,https://csgostash.com/skin/1448/MAG-7-Prism-Terrace,0.00,0.37
MAG-7,Core Breach,https://csgostash.com/skin/1014/MAG-7-Core-Breach,0.00,1.00
MAG-7,Bulldozer,https://csgostash.com/skin/185/MAG-7-Bulldozer,0.06,0.80
MAG-7,Insomnia,https://csgostash.com/skin/1534/MAG-7-Insomnia,0.00,1.00
MAG-7,Foresight,https://csgostash.com/skin/1502/MAG-7-Foresight,0.00,0.70
MAG-7,Popdog,https://csgostash.com/skin/1101/MAG-7-Popdog,0.00,0.80
MAG-7,Hard Water,https://csgostash.com/skin/884/MAG-7-Hard-Water,0.00,0.45
MAG-7,Sonar,https://csgostash.com/skin/821/MAG-7-Sonar,0.00,0.45
MAG-7,Cobalt Core,https://csgostash.com/skin/647/MAG-7-Cobalt-Core,0.00,0.50
MAG-7,Firestarter,https://csgostash.com/skin/501/MAG-7-Firestarter,0.06,0.49
MAG-7,Heaven Guard,https://csgostash.com/skin/266/MAG-7-Heaven-Guard,0.00,0.40
MAG-7,Memento,https://csgostash.com/skin/72/MAG-7-Memento,0.02,0.18
MAG-7,Counter Terrace,https://csgostash.com/skin/622/MAG-7-Counter-Terrace,0.00,0.65
MAG-7,Hazard,https://csgostash.com/skin/103/MAG-7-Hazard,0.06,0.80
MAG-7,Carbon Fiber,https://csgostash.com/skin/1311/MAG-7-Carbon-Fiber,0.00,0.12
MAG-7,Chainmail,https://csgostash.com/skin/1171/MAG-7-Chainmail,0.00,0.22
MAG-7,Silver,https://csgostash.com/skin/430/MAG-7-Silver,0.00,0.08
MAG-7,Metallic DDPAT,https://csgostash.com/skin/218/MAG-7-Metallic-DDPAT,0.00,0.08
MAG-7,Navy Sheen,https://csgostash.com/skin/1400/MAG-7-Navy-Sheen,0.00,0.55
MAG-7,Rust Coat,https://csgostash.com/skin/1022/MAG-7-Rust-Coat,0.00,1.00
MAG-7,Seabird,https://csgostash.com/skin/587/MAG-7-Seabird,0.00,1.00
MAG-7,Storm,https://csgostash.com/skin/446/MAG-7-Storm,0.06,0.80
MAG-7,Irradiated Alert,https://csgostash.com/skin/31/MAG-7-Irradiated-Alert,0.06,0.80
MAG-7,Sand Dune,https://csgostash.com/skin/48/MAG-7-Sand-Dune,0.06,0.80
Nova,Hyper Beast,https://csgostash.com/skin/719/Nova-Hyper-Beast,0.00,0.60
Nova,Bloomstick,https://csgostash.com/skin/469/Nova-Bloomstick,0.06,0.80
Nova,Antique,https://csgostash.com/skin/273/Nova-Antique,0.00,0.30
Nova,Clear Polymer,https://csgostash.com/skin/1295/Nova-Clear-Polymer,0.00,1.00
Nova,Toy Soldier,https://csgostash.com/skin/940/Nova-Toy-Soldier,0.00,1.00
Nova,Wild Six,https://csgostash.com/skin/923/Nova-Wild-Six,0.00,0.80
Nova,Gila,https://csgostash.com/skin/826/Nova-Gila,0.00,0.30
Nova,Koi,https://csgostash.com/skin/396/Nova-Koi,0.00,0.30
Nova,Rising Skull,https://csgostash.com/skin/233/Nova-Rising-Skull,0.00,0.50
Nova,Graphite,https://csgostash.com/skin/134/Nova-Graphite,0.00,0.12
Nova,Red Quartz,https://csgostash.com/skin/1428/Nova-Red-Quartz,0.00,0.40
Nova,Baroque Orange,https://csgostash.com/skin/1161/Nova-Baroque-Orange,0.00,0.50
Nova,Windblown,https://csgostash.com/skin/1366/Nova-Windblown,0.00,0.50
Nova,Plume,https://csgostash.com/skin/1183/Nova-Plume,0.00,0.80
Nova,Wood Fired,https://csgostash.com/skin/1039/Nova-Wood-Fired,0.00,0.75
Nova,Exo,https://csgostash.com/skin/766/Nova-Exo,0.00,0.50
Nova,Ranger,https://csgostash.com/skin/581/Nova-Ranger,0.00,1.00
Nova,Ghost Camo,https://csgostash.com/skin/242/Nova-Ghost-Camo,0.00,0.40
Nova,Tempest,https://csgostash.com/skin/122/Nova-Tempest,0.06,0.22
Nova,Quick Sand,https://csgostash.com/skin/1389/Nova-Quick-Sand,0.00,0.50
Nova,Interlock,https://csgostash.com/skin/1445/Nova-Interlock,0.00,0.50
Nova,Blaze Orange,https://csgostash.com/skin/39/Nova-Blaze-Orange,0.06,0.80
Nova,Modern Hunter,https://csgostash.com/skin/33/Nova-Modern-Hunter,0.06,0.80
Nova,Rust Coat,https://csgostash.com/skin/1330/Nova-Rust-Coat,0.00,0.80
Nova,Green Apple,https://csgostash.com/skin/429/Nova-Green-Apple,0.00,0.30
Nova,Caged Steel,https://csgostash.com/skin/366/Nova-Caged-Steel,0.00,0.20
Nova,Candy Apple,https://csgostash.com/skin/165/Nova-Candy-Apple,0.00,0.30
Nova,Army Sheen,https://csgostash.com/skin/1343/Nova-Army-Sheen,0.00,0.30
Nova,Mandrel,https://csgostash.com/skin/1004/Nova-Mandrel,0.00,0.50
Nova,Moon in Libra,https://csgostash.com/skin/603/Nova-Moon-in-Libra,0.00,0.50
Nova,Sand Dune,https://csgostash.com/skin/159/Nova-Sand-Dune,0.06,0.80
Nova,Polar Mesh,https://csgostash.com/skin/221/Nova-Polar-Mesh,0.06,0.80
Nova,Predator,https://csgostash.com/skin/149/Nova-Predator,0.06,0.80
Nova,Forest Leaves,https://csgostash.com/skin/59/Nova-Forest-Leaves,0.06,0.80
Nova,Walnut,https://csgostash.com/skin/43/Nova-Walnut,0.06,0.80
Sawed-Off,The Kraken,https://csgostash.com/skin/250/Sawed-Off-The-Kraken,0.00,0.40
Sawed-Off,Kiss♥Love,https://csgostash.com/skin/1531/Sawed-Off-Kiss%E2%99%A5Love,0.00,1.00
Sawed-Off,Devourer,https://csgostash.com/skin/944/Sawed-Off-Devourer,0.00,0.80
Sawed-Off,Wasteland Princess,https://csgostash.com/skin/830/Sawed-Off-Wasteland-Princess,0.00,0.70
Sawed-Off,Apocalypto,https://csgostash.com/skin/1259/Sawed-Off-Apocalypto,0.00,1.00
Sawed-Off,Limelight,https://csgostash.com/skin/757/Sawed-Off-Limelight,0.00,1.00
Sawed-Off,Serenity,https://csgostash.com/skin/520/Sawed-Off-Serenity,0.00,0.50
Sawed-Off,Highwayman,https://csgostash.com/skin/505/Sawed-Off-Highwayman,0.00,1.00
Sawed-Off,Orange DDPAT,https://csgostash.com/skin/76/Sawed-Off-Orange-DDPAT,0.06,0.80
Sawed-Off,Spirit Board,https://csgostash.com/skin/1506/Sawed-Off-Spirit-Board,0.00,1.00
Sawed-Off,Black Sand,https://csgostash.com/skin/1041/Sawed-Off-Black-Sand,0.00,0.90
Sawed-Off,Morris,https://csgostash.com/skin/897/Sawed-Off-Morris,0.00,1.00
Sawed-Off,Zander,https://csgostash.com/skin/839/Sawed-Off-Zander,0.05,1.00
Sawed-Off,Fubar,https://csgostash.com/skin/746/Sawed-Off-Fubar,0.40,1.00
Sawed-Off,Yorick,https://csgostash.com/skin/678/Sawed-Off-Yorick,0.00,1.00
Sawed-Off,Origami,https://csgostash.com/skin/562/Sawed-Off-Origami,0.00,0.55
Sawed-Off,Brake Light,https://csgostash.com/skin/1030/Sawed-Off-Brake-Light,0.00,0.08
Sawed-Off,First Class,https://csgostash.com/skin/409/Sawed-Off-First-Class,0.00,0.50
Sawed-Off,Full Stop,https://csgostash.com/skin/153/Sawed-Off-Full-Stop,0.00,0.60
Sawed-Off,Amber Fade,https://csgostash.com/skin/220/Sawed-Off-Amber-Fade,0.00,0.40
Sawed-Off,Copper,https://csgostash.com/skin/63/Sawed-Off-Copper,0.00,1.00
Sawed-Off,Rust Coat,https://csgostash.com/skin/434/Sawed-Off-Rust-Coat,0.00,0.80
Sawed-Off,Snake Camo,https://csgostash.com/skin/138/Sawed-Off-Snake-Camo,0.06,0.80
Sawed-Off,Mosaico,https://csgostash.com/skin/102/Sawed-Off-Mosaico,0.06,0.80
Sawed-Off,Parched,https://csgostash.com/skin/1383/Sawed-Off-Parched,0.00,0.49
Sawed-Off,Clay Ambush,https://csgostash.com/skin/1324/Sawed-Off-Clay-Ambush,0.00,0.60
Sawed-Off,Jungle Thicket,https://csgostash.com/skin/1131/Sawed-Off-Jungle-Thicket,0.00,0.50
Sawed-Off,Bamboo Shadow,https://csgostash.com/skin/615/Sawed-Off-Bamboo-Shadow,0.00,0.60
Sawed-Off,Sage Spray,https://csgostash.com/skin/443/Sawed-Off-Sage-Spray,0.06,0.80
Sawed-Off,Forest DDPAT,https://csgostash.com/skin/367/Sawed-Off-Forest-DDPAT,0.06,0.80
Sawed-Off,Irradiated Alert,https://csgostash.com/skin/30/Sawed-Off-Irradiated-Alert,0.06,0.80
XM1014,XOXO,https://csgostash.com/skin/1374/XM1014-XOXO,0.00,0.90
XM1014,Entombed,https://csgostash.com/skin/1283/XM1014-Entombed,0.00,0.50
XM1014,Incinegator,https://csgostash.com/skin/1070/XM1014-Incinegator,0.14,0.65
XM1014,Tranquility,https://csgostash.com/skin/508/XM1014-Tranquility,0.00,0.50
XM1014,Zombie Offensive,https://csgostash.com/skin/1510/XM1014-Zombie-Offensive,0.00,0.50
XM1014,Ziggy,https://csgostash.com/skin/908/XM1014-Ziggy,0.00,0.72
XM1014,Seasons,https://csgostash.com/skin/844/XM1014-Seasons,0.00,0.50
XM1014,Black Tie,https://csgostash.com/skin/751/XM1014-Black-Tie,0.00,0.75
XM1014,Teclu Burner,https://csgostash.com/skin/685/XM1014-Teclu-Burner,0.00,0.65
XM1014,Heaven Guard,https://csgostash.com/skin/350/XM1014-Heaven-Guard,0.03,0.50
XM1014,Elegant Vines,https://csgostash.com/skin/1411/XM1014-Elegant-Vines,0.00,0.37
XM1014,Ancient Lore,https://csgostash.com/skin/1354/XM1014-Ancient-Lore,0.00,0.50
XM1014,Watchdog,https://csgostash.com/skin/1459/XM1014-Watchdog,0.00,1.00
XM1014,Oxide Blaze,https://csgostash.com/skin/920/XM1014-Oxide-Blaze,0.00,0.70
XM1014,Slipstream,https://csgostash.com/skin/815/XM1014-Slipstream,0.00,0.50
XM1014,Scumbria,https://csgostash.com/skin/649/XM1014-Scumbria,0.00,1.00
XM1014,Quicksilver,https://csgostash.com/skin/515/XM1014-Quicksilver,0.00,0.50
XM1014,Red Python,https://csgostash.com/skin/475/XM1014-Red-Python,0.08,0.50
XM1014,Frost Borre,https://csgostash.com/skin/1175/XM1014-Frost-Borre,0.00,0.50
XM1014,Bone Machine,https://csgostash.com/skin/485/XM1014-Bone-Machine,0.00,0.60
XM1014,Red Leather,https://csgostash.com/skin/418/XM1014-Red-Leather,0.00,0.56
XM1014,VariCamo Blue,https://csgostash.com/skin/448/XM1014-VariCamo-Blue,0.00,0.50
XM1014,Blaze Orange,https://csgostash.com/skin/36/XM1014-Blaze-Orange,0.06,0.80
XM1014,Banana Leaf,https://csgostash.com/skin/1135/XM1014-Banana-Leaf,0.00,0.60
XM1014,Blue Steel,https://csgostash.com/skin/179/XM1014-Blue-Steel,0.00,1.00
XM1014,CaliCamo,https://csgostash.com/skin/151/XM1014-CaliCamo,0.00,0.60
XM1014,Fallout Warning,https://csgostash.com/skin/23/XM1014-Fallout-Warning,0.06,0.80
XM1014,Blue Tire,https://csgostash.com/skin/1436/XM1014-Blue-Tire,0.00,0.55
XM1014,Charter,https://csgostash.com/skin/1303/XM1014-Charter,0.00,0.65
XM1014,Blue Spruce,https://csgostash.com/skin/169/XM1014-Blue-Spruce,0.06,0.80
XM1014,Jungle,https://csgostash.com/skin/98/XM1014-Jungle,0.06,0.80
XM1014,Grassland,https://csgostash.com/skin/40/XM1014-Grassland,0.06,0.80
XM1014,Urban Perforated,https://csgostash.com/skin/54/XM1014-Urban-Perforated,0.06,0.80
M249,Downtown,https://csgostash.com/skin/1525/M249-Downtown,0.00,0.65
M249,Aztec,https://csgostash.com/skin/1105/M249-Aztec,0.00,0.75
M249,Emerald Poison Dart,https://csgostash.com/skin/841/M249-Emerald-Poison-Dart,0.00,0.45
M249,Nebula Crusader,https://csgostash.com/skin/651/M249-Nebula-Crusader,0.00,1.00
M249,O.S.I.P.R.,https://csgostash.com/skin/1362/M249-OSIPR,0.00,0.70
M249,Deep Relief,https://csgostash.com/skin/1291/M249-Deep-Relief,0.00,1.00
M249,Warbird,https://csgostash.com/skin/1188/M249-Warbird,0.05,0.65
M249,Spectre,https://csgostash.com/skin/741/M249-Spectre,0.00,0.50
M249,System Lock,https://csgostash.com/skin/514/M249-System-Lock,0.00,0.80
M249,Magma,https://csgostash.com/skin/228/M249-Magma,0.00,0.70
M249,Humidor,https://csgostash.com/skin/1409/M249-Humidor,0.00,0.50
M249,Midnight Palm,https://csgostash.com/skin/1387/M249-Midnight-Palm,0.00,0.50
M249,Shipping Forecast,https://csgostash.com/skin/607/M249-Shipping-Forecast,0.00,0.50
M249,Gator Mesh,https://csgostash.com/skin/201/M249-Gator-Mesh,0.00,0.60
M249,Blizzard Marbleized,https://csgostash.com/skin/18/M249-Blizzard-Marbleized,0.06,0.80
M249,Predator,https://csgostash.com/skin/1326/M249-Predator,0.06,0.80
M249,Jungle,https://csgostash.com/skin/1132/M249-Jungle,0.06,0.80
M249,Impact Drill,https://csgostash.com/skin/586/M249-Impact-Drill,0.00,1.00
M249,Contrast Spray,https://csgostash.com/skin/445/M249-Contrast-Spray,0.06,0.80
M249,Jungle DDPAT,https://csgostash.com/skin/106/M249-Jungle-DDPAT,0.06,0.80
Negev,Mjölnir,https://csgostash.com/skin/1180/Negev-Mj%C3%B6lnir,0.00,0.60
Negev,dev_texture,https://csgostash.com/skin/1370/Negev-dev-texture,0.00,0.65
Negev,Lionfish,https://csgostash.com/skin/922/Negev-Lionfish,0.00,0.55
Negev,Power Loader,https://csgostash.com/skin/681/Negev-Power-Loader,0.00,1.00
Negev,Loudmouth,https://csgostash.com/skin/574/Negev-Loudmouth,0.14,0.65
Negev,Drop Me,https://csgostash.com/skin/1521/Negev-Drop-Me,0.00,1.00
Negev,Ultralight,https://csgostash.com/skin/1269/Negev-Ultralight,0.00,0.79
Negev,Prototype,https://csgostash.com/skin/1256/Negev-Prototype,0.00,0.70
Negev,Dazzle,https://csgostash.com/skin/809/Negev-Dazzle,0.10,0.65
Negev,Man-o'-war,https://csgostash.com/skin/563/Negev-Man-o-war,0.10,0.20
Negev,Bratatat,https://csgostash.com/skin/476/Negev-Bratatat,0.00,1.00
Negev,Desert-Strike,https://csgostash.com/skin/395/Negev-Desert-Strike,0.00,0.50
Negev,Terrain,https://csgostash.com/skin/264/Negev-Terrain,0.00,0.45
Negev,Infrastructure,https://csgostash.com/skin/1446/Negev-Infrastructure,0.00,0.49
Negev,Phoenix Stencil,https://csgostash.com/skin/1332/Negev-Phoenix-Stencil,0.00,0.65
Negev,Anodized Navy,https://csgostash.com/skin/15/Negev-Anodized-Navy,0.00,0.08
Negev,Bulkhead,https://csgostash.com/skin/1007/Negev-Bulkhead,0.00,0.50
Negev,Nuclear Waste,https://csgostash.com/skin/490/Negev-Nuclear-Waste,0.00,0.40
Negev,CaliCamo,https://csgostash.com/skin/182/Negev-CaliCamo,0.00,0.60
Negev,Palm,https://csgostash.com/skin/104/Negev-Palm,0.06,0.80
Negev,Boroque Sand,https://csgostash.com/skin/1149/Negev-Boroque-Sand,0.00,1.00
Negev,Army Sheen,https://csgostash.com/skin/365/Negev-Army-Sheen,0.00,0.30
