Float,Weapon Name,Skin Name,Single Cost ($),10x Cost ($),Average Profit ($),Net Profit ($),Net Profit After Steam ($),ROI %
0.0,UMP-45,Grand Prix,0.43,4.3,14.86,10.56,9.24,214.88
0.0,UMP-45,Grand Prix,0.43,4.3,14.86,10.56,9.24,214.88
0.0,UMP-45,Grand Prix,0.43,4.3,14.86,10.56,9.24,214.88
0.0,UMP-45,Grand Prix,0.43,4.3,14.86,10.56,9.24,214.88
0.0,UMP-45,Grand Prix,0.43,4.3,14.86,10.56,9.24,214.88
0.01,UMP-45,Grand Prix,0.43,4.3,14.86,10.56,9.24,214.88
0.01,UMP-45,Grand Prix,0.43,4.3,14.86,10.56,9.24,214.88
0.01,UMP-45,Grand Prix,0.43,4.3,14.86,10.56,9.24,214.88
0.01,UMP-45,Grand Prix,0.43,4.3,14.86,10.56,9.24,214.88
0.01,UMP-45,Grand Prix,0.43,4.3,14.86,10.56,9.24,214.88
0.01,UMP-45,Grand Prix,0.43,4.3,14.86,10.56,9.24,214.88
0.01,UMP-45,Grand Prix,0.43,4.3,14.86,10.56,9.24,214.88
0.01,UMP-45,Grand Prix,0.43,4.3,14.86,10.56,9.24,214.88
0.01,UMP-45,Grand Prix,0.43,4.3,14.86,10.56,9.24,214.88
0.01,UMP-45,Grand Prix,0.43,4.3,14.86,10.56,9.24,214.88
0.02,UMP-45,Grand Prix,0.43,4.3,14.86,10.56,9.24,214.88
0.02,UMP-45,Grand Prix,0.43,4.3,14.86,10.56,9.24,214.88
0.02,UMP-45,Grand Prix,0.43,4.3,14.86,10.56,9.24,214.88
0.02,UMP-45,Grand Prix,0.43,4.3,14.86,10.56,9.24,214.88
0.02,UMP-45,Grand Prix,0.43,4.3,14.86,10.56,9.24,214.88
0.02,UMP-45,Grand Prix,0.43,4.3,14.86,10.56,9.24,214.88
0.02,UMP-45,Grand Prix,0.43,4.3,14.86,10.56,9.24,214.88
0.02,UMP-45,Grand Prix,0.43,4.3,14.86,10.56,9.24,214.88
0.02,UMP-45,Grand Prix,0.43,4.3,14.86,10.56,9.24,214.88
0.02,UMP-45,Grand Prix,0.43,4.3,14.86,10.56,9.24,214.88
0.03,UMP-45,Grand Prix,0.43,4.3,14.86,10.56,9.24,214.88
0.03,UMP-45,Grand Prix,0.43,4.3,14.86,10.56,9.24,214.88
0.03,UMP-45,Grand Prix,0.43,4.3,14.86,10.56,9.24,214.88
0.03,UMP-45,Grand Prix,0.43,4.3,14.86,10.56,9.24,214.88
0.03,UMP-45,Grand Prix,0.43,4.3,14.86,10.56,9.24,214.88
0.03,UMP-45,Grand Prix,0.43,4.3,14.86,10.56,9.24,214.88
0.03,UMP-45,Grand Prix,0.43,4.3,14.86,10.56,9.24,214.88
0.03,UMP-45,Grand Prix,0.43,4.3,14.86,10.56,9.24,214.88
0.03,UMP-45,Grand Prix,0.43,4.3,14.86,10.56,9.24,214.88
0.03,UMP-45,Grand Prix,0.43,4.3,14.86,10.56,9.24,214.88
0.04,UMP-45,Grand Prix,0.43,4.3,14.86,10.56,9.24,214.88
0.04,UMP-45,Grand Prix,0.43,4.3,14.86,10.56,9.24,214.88
0.04,UMP-45,Grand Prix,0.43,4.3,14.86,10.56,9.24,214.88
0.04,UMP-45,Grand Prix,0.43,4.3,14.86,10.56,9.24,214.88
0.04,UMP-45,Grand Prix,0.43,4.3,14.86,10.56,9.24,214.88
0.04,UMP-45,Grand Prix,0.43,4.3,14.86,10.56,9.24,214.88
0.04,UMP-45,Grand Prix,0.43,4.3,14.86,10.56,9.24,214.88
0.04,UMP-45,Grand Prix,0.43,4.3,14.86,10.56,9.24,214.88
0.04,UMP-45,Grand Prix,0.43,4.3,14.86,10.56,9.24,214.88
0.04,UMP-45,Grand Prix,0.43,4.3,14.86,10.56,9.24,214.88
0.05,UMP-45,Grand Prix,0.43,4.3,14.86,10.56,9.24,214.88
0.05,UMP-45,Grand Prix,0.43,4.3,14.86,10.56,9.24,214.88
0.05,UMP-45,Grand Prix,0.43,4.3,14.86,10.56,9.24,214.88
0.05,UMP-45,Grand Prix,0.43,4.3,14.86,10.56,9.24,214.88
0.05,UMP-45,Grand Prix,0.43,4.3,14.86,10.56,9.24,214.88
0.05,UMP-45,Grand Prix,0.43,4.3,14.86,10.56,9.24,214.88
0.05,UMP-45,Grand Prix,0.43,4.3,14.86,10.56,9.24,214.88
0.05,UMP-45,Grand Prix,0.43,4.3,14.86,10.56,9.24,214.88
0.05,UMP-45,Grand Prix,0.43,4.3,14.86,10.56,9.24,214.88
0.05,UMP-45,Grand Prix,0.43,4.3,14.86,10.56,9.24,214.88
0.06,UMP-45,Grand Prix,0.43,4.3,14.86,10.56,9.24,214.88
0.06,UMP-45,Grand Prix,0.43,4.3,14.86,10.56,9.24,214.88
0.06,UMP-45,Grand Prix,0.43,4.3,14.86,10.56,9.24,214.88
0.06,UMP-45,Grand Prix,0.43,4.3,14.86,10.56,9.24,214.88
0.06,UMP-45,Grand Prix,0.43,4.3,14.86,10.56,9.24,214.88
0.06,UMP-45,Grand Prix,0.43,4.3,14.86,10.56,9.24,214.88
0.06,UMP-45,Grand Prix,0.43,4.3,14.86,10.56,9.24,214.88
0.06,UMP-45,Grand Prix,0.43,4.3,14.86,10.56,9.24,214.88
0.06,UMP-45,Grand Prix,0.43,4.3,12.27,7.97,6.97,162.09
0.06,UMP-45,Grand Prix,0.43,4.3,12.27,7.97,6.97,162.09
0.07,UMP-45,Grand Prix,0.43,4.3,12.27,7.97,6.97,162.09
0.07,UMP-45,Grand Prix,0.43,4.3,12.27,7.97,6.97,162.09
0.07,UMP-45,Grand Prix,0.43,4.3,5.74,1.44,1.26,29.3
0.07,UMP-45,Grand Prix,0.43,4.3,5.74,1.44,1.26,29.3
0.07,UMP-45,Grand Prix,0.43,4.3,5.74,1.44,1.26,29.3
0.07,UMP-45,Grand Prix,0.43,4.3,3.82,-0.48,-0.42,-9.77
0.07,UMP-45,Grand Prix,0.43,4.3,3.82,-0.48,-0.42,-9.77
0.07,UMP-45,Grand Prix,0.43,4.3,3.82,-0.48,-0.42,-9.77
0.07,UMP-45,Grand Prix,0.43,4.3,3.82,-0.48,-0.42,-9.77
0.07,UMP-45,Grand Prix,0.43,4.3,3.82,-0.48,-0.42,-9.77
0.08,UMP-45,Grand Prix,0.43,4.3,3.82,-0.48,-0.42,-9.77
0.08,UMP-45,Grand Prix,0.43,4.3,3.82,-0.48,-0.42,-9.77
0.08,UMP-45,Grand Prix,0.43,4.3,3.82,-0.48,-0.42,-9.77
0.08,UMP-45,Grand Prix,0.43,4.3,3.82,-0.48,-0.42,-9.77
0.08,UMP-45,Grand Prix,0.43,4.3,3.82,-0.48,-0.42,-9.77
0.08,UMP-45,Grand Prix,0.43,4.3,3.82,-0.48,-0.42,-9.77
0.08,UMP-45,Grand Prix,0.43,4.3,3.82,-0.48,-0.42,-9.77
0.08,UMP-45,Grand Prix,0.43,4.3,3.82,-0.48,-0.42,-9.77
0.08,UMP-45,Grand Prix,0.43,4.3,3.82,-0.48,-0.42,-9.77
0.08,UMP-45,Grand Prix,0.43,4.3,3.82,-0.48,-0.42,-9.77
0.09,UMP-45,Grand Prix,0.43,4.3,3.82,-0.48,-0.42,-9.77
0.09,UMP-45,Grand Prix,0.43,4.3,3.82,-0.48,-0.42,-9.77
0.09,UMP-45,Grand Prix,0.43,4.3,3.82,-0.48,-0.42,-9.77
0.09,UMP-45,Grand Prix,0.43,4.3,3.82,-0.48,-0.42,-9.77
0.09,UMP-45,Grand Prix,0.43,4.3,3.82,-0.48,-0.42,-9.77
0.09,UMP-45,Grand Prix,0.43,4.3,3.82,-0.48,-0.42,-9.77
0.09,UMP-45,Grand Prix,0.43,4.3,3.82,-0.48,-0.42,-9.77
0.09,UMP-45,Grand Prix,0.43,4.3,3.82,-0.48,-0.42,-9.77
0.09,UMP-45,Grand Prix,0.43,4.3,3.82,-0.48,-0.42,-9.77
0.09,UMP-45,Grand Prix,0.43,4.3,3.82,-0.48,-0.42,-9.77
0.1,UMP-45,Grand Prix,0.43,4.3,3.82,-0.48,-0.42,-9.77
0.1,UMP-45,Grand Prix,0.43,4.3,3.82,-0.48,-0.42,-9.77
0.1,UMP-45,Grand Prix,0.43,4.3,3.82,-0.48,-0.42,-9.77
0.1,UMP-45,Grand Prix,0.43,4.3,3.82,-0.48,-0.42,-9.77
0.1,UMP-45,Grand Prix,0.43,4.3,3.82,-0.48,-0.42,-9.77
0.1,UMP-45,Grand Prix,0.43,4.3,3.82,-0.48,-0.42,-9.77
0.1,UMP-45,Grand Prix,0.43,4.3,3.82,-0.48,-0.42,-9.77
0.1,UMP-45,Grand Prix,0.43,4.3,3.82,-0.48,-0.42,-9.77
0.1,UMP-45,Grand Prix,0.43,4.3,3.82,-0.48,-0.42,-9.77
0.1,UMP-45,Grand Prix,0.43,4.3,3.82,-0.48,-0.42,-9.77
0.11,UMP-45,Grand Prix,0.43,4.3,3.82,-0.48,-0.42,-9.77
0.11,UMP-45,Grand Prix,0.43,4.3,3.82,-0.48,-0.42,-9.77
0.11,UMP-45,Grand Prix,0.43,4.3,3.82,-0.48,-0.42,-9.77
0.11,UMP-45,Grand Prix,0.43,4.3,3.82,-0.48,-0.42,-9.77
0.11,UMP-45,Grand Prix,0.43,4.3,3.82,-0.48,-0.42,-9.77
0.11,UMP-45,Grand Prix,0.43,4.3,3.82,-0.48,-0.42,-9.77
0.11,UMP-45,Grand Prix,0.43,4.3,3.82,-0.48,-0.42,-9.77
0.11,UMP-45,Grand Prix,0.43,4.3,3.82,-0.48,-0.42,-9.77
0.11,UMP-45,Grand Prix,0.43,4.3,3.82,-0.48,-0.42,-9.77
0.11,UMP-45,Grand Prix,0.43,4.3,3.82,-0.48,-0.42,-9.77
0.12,UMP-45,Grand Prix,0.43,4.3,3.82,-0.48,-0.42,-9.77
0.12,UMP-45,Grand Prix,0.43,4.3,3.82,-0.48,-0.42,-9.77
0.12,UMP-45,Grand Prix,0.43,4.3,3.82,-0.48,-0.42,-9.77
0.12,UMP-45,Grand Prix,0.43,4.3,3.82,-0.48,-0.42,-9.77
0.12,UMP-45,Grand Prix,0.43,4.3,3.82,-0.48,-0.42,-9.77
0.12,UMP-45,Grand Prix,0.43,4.3,3.82,-0.48,-0.42,-9.77
0.12,UMP-45,Grand Prix,0.43,4.3,3.82,-0.48,-0.42,-9.77
0.12,UMP-45,Grand Prix,0.43,4.3,3.82,-0.48,-0.42,-9.77
0.12,UMP-45,Grand Prix,0.43,4.3,3.82,-0.48,-0.42,-9.77
0.12,UMP-45,Grand Prix,0.43,4.3,3.82,-0.48,-0.42,-9.77
0.13,UMP-45,Grand Prix,0.43,4.3,3.82,-0.48,-0.42,-9.77
0.13,UMP-45,Grand Prix,0.43,4.3,3.82,-0.48,-0.42,-9.77
0.13,UMP-45,Grand Prix,0.43,4.3,3.82,-0.48,-0.42,-9.77
0.13,UMP-45,Grand Prix,0.43,4.3,3.82,-0.48,-0.42,-9.77
0.13,UMP-45,Grand Prix,0.43,4.3,3.82,-0.48,-0.42,-9.77
0.13,UMP-45,Grand Prix,0.43,4.3,3.82,-0.48,-0.42,-9.77
0.13,UMP-45,Grand Prix,0.43,4.3,3.82,-0.48,-0.42,-9.77
0.13,UMP-45,Grand Prix,0.43,4.3,3.82,-0.48,-0.42,-9.77
0.13,UMP-45,Grand Prix,0.43,4.3,3.82,-0.48,-0.42,-9.77
0.13,UMP-45,Grand Prix,0.43,4.3,3.82,-0.48,-0.42,-9.77
0.14,UMP-45,Grand Prix,0.43,4.3,3.82,-0.48,-0.42,-9.77
0.14,UMP-45,Grand Prix,0.43,4.3,3.82,-0.48,-0.42,-9.77
0.14,UMP-45,Grand Prix,0.43,4.3,3.82,-0.48,-0.42,-9.77
0.14,UMP-45,Grand Prix,0.43,4.3,3.82,-0.48,-0.42,-9.77
0.14,UMP-45,Grand Prix,0.43,4.3,3.82,-0.48,-0.42,-9.77
0.14,UMP-45,Grand Prix,0.43,4.3,3.82,-0.48,-0.42,-9.77
0.14,UMP-45,Grand Prix,0.43,4.3,3.82,-0.48,-0.42,-9.77
0.14,UMP-45,Grand Prix,0.43,4.3,3.82,-0.48,-0.42,-9.77
0.14,UMP-45,Grand Prix,0.43,4.3,3.82,-0.48,-0.42,-9.77
0.14,UMP-45,Grand Prix,0.43,4.3,3.82,-0.48,-0.42,-9.77
0.15,UMP-45,Grand Prix,0.43,4.3,3.82,-0.48,-0.42,-9.77
0.15,UMP-45,Grand Prix,0.43,4.3,3.82,-0.48,-0.42,-9.77
0.15,UMP-45,Grand Prix,0.43,4.3,3.82,-0.48,-0.42,-9.77
0.15,UMP-45,Grand Prix,0.43,4.3,3.82,-0.48,-0.42,-9.77
0.15,UMP-45,Grand Prix,0.43,4.3,3.82,-0.48,-0.42,-9.77
0.15,UMP-45,Grand Prix,0.43,4.3,3.2,-1.1,-0.96,-22.33
0.15,UMP-45,Grand Prix,0.43,4.3,3.2,-1.1,-0.96,-22.33
0.15,UMP-45,Grand Prix,0.43,4.3,3.2,-1.1,-0.96,-22.33
0.15,UMP-45,Grand Prix,0.43,4.3,3.2,-1.1,-0.96,-22.33
0.15,UMP-45,Grand Prix,0.43,4.3,3.2,-1.1,-0.96,-22.33
0.16,UMP-45,Grand Prix,0.43,4.3,3.2,-1.1,-0.96,-22.33
0.16,UMP-45,Grand Prix,0.43,4.3,3.2,-1.1,-0.96,-22.33
0.16,UMP-45,Grand Prix,0.43,4.3,3.2,-1.1,-0.96,-22.33
0.16,UMP-45,Grand Prix,0.43,4.3,3.2,-1.1,-0.96,-22.33
0.16,UMP-45,Grand Prix,0.43,4.3,3.2,-1.1,-0.96,-22.33
0.16,UMP-45,Grand Prix,0.43,4.3,3.2,-1.1,-0.96,-22.33
0.16,UMP-45,Grand Prix,0.43,4.3,3.2,-1.1,-0.96,-22.33
0.16,UMP-45,Grand Prix,0.43,4.3,3.2,-1.1,-0.96,-22.33
0.16,UMP-45,Grand Prix,0.43,4.3,3.2,-1.1,-0.96,-22.33
0.16,UMP-45,Grand Prix,0.43,4.3,3.2,-1.1,-0.96,-22.33
0.17,UMP-45,Grand Prix,0.43,4.3,3.2,-1.1,-0.96,-22.33
0.17,UMP-45,Grand Prix,0.43,4.3,3.2,-1.1,-0.96,-22.33
0.17,UMP-45,Grand Prix,0.43,4.3,3.2,-1.1,-0.96,-22.33
0.17,UMP-45,Grand Prix,0.43,4.3,3.2,-1.1,-0.96,-22.33
0.17,UMP-45,Grand Prix,0.43,4.3,3.2,-1.1,-0.96,-22.33
0.17,UMP-45,Grand Prix,0.43,4.3,3.2,-1.1,-0.96,-22.33
0.17,UMP-45,Grand Prix,0.43,4.3,3.2,-1.1,-0.96,-22.33
0.17,UMP-45,Grand Prix,0.43,4.3,3.2,-1.1,-0.96,-22.33
0.17,UMP-45,Grand Prix,0.43,4.3,3.2,-1.1,-0.96,-22.33
0.17,UMP-45,Grand Prix,0.43,4.3,3.2,-1.1,-0.96,-22.33
0.18,UMP-45,Grand Prix,0.43,4.3,3.2,-1.1,-0.96,-22.33
0.18,UMP-45,Grand Prix,0.43,4.3,3.2,-1.1,-0.96,-22.33
0.18,UMP-45,Grand Prix,0.43,4.3,3.2,-1.1,-0.96,-22.33
0.18,UMP-45,Grand Prix,0.43,4.3,3.2,-1.1,-0.96,-22.33
0.18,UMP-45,Grand Prix,0.43,4.3,3.2,-1.1,-0.96,-22.33
0.18,UMP-45,Grand Prix,0.43,4.3,3.2,-1.1,-0.96,-22.33
0.18,UMP-45,Grand Prix,0.43,4.3,3.2,-1.1,-0.96,-22.33
0.18,UMP-45,Grand Prix,0.43,4.3,3.2,-1.1,-0.96,-22.33
0.18,UMP-45,Grand Prix,0.43,4.3,3.2,-1.1,-0.96,-22.33
0.18,UMP-45,Grand Prix,0.43,4.3,3.2,-1.1,-0.96,-22.33
0.19,UMP-45,Grand Prix,0.43,4.3,3.2,-1.1,-0.96,-22.33
0.19,UMP-45,Grand Prix,0.43,4.3,3.2,-1.1,-0.96,-22.33
0.19,UMP-45,Grand Prix,0.43,4.3,3.2,-1.1,-0.96,-22.33
0.19,UMP-45,Grand Prix,0.43,4.3,3.2,-1.1,-0.96,-22.33
0.19,UMP-45,Grand Prix,0.43,4.3,3.2,-1.1,-0.96,-22.33
0.19,UMP-45,Grand Prix,0.43,4.3,3.2,-1.1,-0.96,-22.33
0.19,UMP-45,Grand Prix,0.43,4.3,3.2,-1.1,-0.96,-22.33
0.19,UMP-45,Grand Prix,0.43,4.3,3.2,-1.1,-0.96,-22.33
0.19,UMP-45,Grand Prix,0.43,4.3,3.2,-1.1,-0.96,-22.33
0.19,UMP-45,Grand Prix,0.43,4.3,3.2,-1.1,-0.96,-22.33
0.2,UMP-45,Grand Prix,0.43,4.3,3.2,-1.1,-0.96,-22.33
0.2,UMP-45,Grand Prix,0.43,4.3,3.2,-1.1,-0.96,-22.33
0.2,UMP-45,Grand Prix,0.43,4.3,3.2,-1.1,-0.96,-22.33
0.2,UMP-45,Grand Prix,0.43,4.3,3.2,-1.1,-0.96,-22.33
0.2,UMP-45,Grand Prix,0.43,4.3,3.2,-1.1,-0.96,-22.33
0.2,UMP-45,Grand Prix,0.43,4.3,3.2,-1.1,-0.96,-22.33
0.2,UMP-45,Grand Prix,0.43,4.3,3.2,-1.1,-0.96,-22.33
0.2,UMP-45,Grand Prix,0.43,4.3,3.2,-1.1,-0.96,-22.33
0.2,UMP-45,Grand Prix,0.43,4.3,3.2,-1.1,-0.96,-22.33
0.2,UMP-45,Grand Prix,0.43,4.3,3.2,-1.1,-0.96,-22.33
0.21,UMP-45,Grand Prix,0.43,4.3,3.2,-1.1,-0.96,-22.33
0.21,UMP-45,Grand Prix,0.43,4.3,3.2,-1.1,-0.96,-22.33
0.21,UMP-45,Grand Prix,0.43,4.3,3.2,-1.1,-0.96,-22.33
0.21,UMP-45,Grand Prix,0.43,4.3,3.2,-1.1,-0.96,-22.33
0.21,UMP-45,Grand Prix,0.43,4.3,3.2,-1.1,-0.96,-22.33
0.21,UMP-45,Grand Prix,0.43,4.3,3.2,-1.1,-0.96,-22.33
0.21,UMP-45,Grand Prix,0.43,4.3,3.2,-1.1,-0.96,-22.33
0.21,UMP-45,Grand Prix,0.43,4.3,3.2,-1.1,-0.96,-22.33
0.21,UMP-45,Grand Prix,0.43,4.3,3.2,-1.1,-0.96,-22.33
0.21,UMP-45,Grand Prix,0.43,4.3,3.2,-1.1,-0.96,-22.33
0.22,UMP-45,Grand Prix,0.43,4.3,3.2,-1.1,-0.96,-22.33
0.22,UMP-45,Grand Prix,0.43,4.3,3.2,-1.1,-0.96,-22.33
0.22,UMP-45,Grand Prix,0.43,4.3,3.2,-1.1,-0.96,-22.33
0.22,UMP-45,Grand Prix,0.43,4.3,3.2,-1.1,-0.96,-22.33
0.22,UMP-45,Grand Prix,0.43,4.3,3.2,-1.1,-0.96,-22.33
0.22,UMP-45,Grand Prix,0.43,4.3,3.2,-1.1,-0.96,-22.33
0.22,UMP-45,Grand Prix,0.43,4.3,3.2,-1.1,-0.96,-22.33
0.22,UMP-45,Grand Prix,0.43,4.3,3.2,-1.1,-0.96,-22.33
0.22,UMP-45,Grand Prix,0.43,4.3,3.2,-1.1,-0.96,-22.33
0.22,UMP-45,Grand Prix,0.43,4.3,3.2,-1.1,-0.96,-22.33
0.23,UMP-45,Grand Prix,0.43,4.3,3.2,-1.1,-0.96,-22.33
0.23,UMP-45,Grand Prix,0.43,4.3,3.2,-1.1,-0.96,-22.33
0.23,UMP-45,Grand Prix,0.43,4.3,3.2,-1.1,-0.96,-22.33
0.23,UMP-45,Grand Prix,0.43,4.3,3.2,-1.1,-0.96,-22.33
0.23,UMP-45,Grand Prix,0.43,4.3,3.2,-1.1,-0.96,-22.33
0.23,UMP-45,Grand Prix,0.43,4.3,3.2,-1.1,-0.96,-22.33
0.23,UMP-45,Grand Prix,0.43,4.3,3.2,-1.1,-0.96,-22.33
0.23,UMP-45,Grand Prix,0.43,4.3,3.2,-1.1,-0.96,-22.33
0.23,UMP-45,Grand Prix,0.43,4.3,3.2,-1.1,-0.96,-22.33
0.23,UMP-45,Grand Prix,0.43,4.3,3.2,-1.1,-0.96,-22.33
0.24,UMP-45,Grand Prix,0.43,4.3,3.2,-1.1,-0.96,-22.33
0.24,UMP-45,Grand Prix,0.43,4.3,3.2,-1.1,-0.96,-22.33
0.24,UMP-45,Grand Prix,0.43,4.3,3.2,-1.1,-0.96,-22.33
0.24,UMP-45,Grand Prix,0.43,4.3,3.2,-1.1,-0.96,-22.33
0.24,UMP-45,Grand Prix,0.43,4.3,3.2,-1.1,-0.96,-22.33
0.24,UMP-45,Grand Prix,0.43,4.3,3.2,-1.1,-0.96,-22.33
0.24,UMP-45,Grand Prix,0.43,4.3,3.2,-1.1,-0.96,-22.33
0.24,UMP-45,Grand Prix,0.43,4.3,3.2,-1.1,-0.96,-22.33
0.24,UMP-45,Grand Prix,0.43,4.3,3.2,-1.1,-0.96,-22.33
0.24,UMP-45,Grand Prix,0.43,4.3,3.2,-1.1,-0.96,-22.33
0.25,UMP-45,Grand Prix,0.43,4.3,3.2,-1.1,-0.96,-22.33
0.25,UMP-45,Grand Prix,0.43,4.3,3.2,-1.1,-0.96,-22.33
0.25,UMP-45,Grand Prix,0.43,4.3,3.2,-1.1,-0.96,-22.33
0.25,UMP-45,Grand Prix,0.43,4.3,3.2,-1.1,-0.96,-22.33
0.25,UMP-45,Grand Prix,0.43,4.3,3.2,-1.1,-0.96,-22.33
0.25,UMP-45,Grand Prix,0.43,4.3,3.2,-1.1,-0.96,-22.33
0.25,UMP-45,Grand Prix,0.43,4.3,3.2,-1.1,-0.96,-22.33
0.25,UMP-45,Grand Prix,0.43,4.3,3.2,-1.1,-0.96,-22.33
0.25,UMP-45,Grand Prix,0.43,4.3,3.2,-1.1,-0.96,-22.33
0.25,UMP-45,Grand Prix,0.43,4.3,3.2,-1.1,-0.96,-22.33
0.26,UMP-45,Grand Prix,0.43,4.3,3.2,-1.1,-0.96,-22.33
0.26,UMP-45,Grand Prix,0.43,4.3,3.2,-1.1,-0.96,-22.33
0.26,UMP-45,Grand Prix,0.43,4.3,3.2,-1.1,-0.96,-22.33
0.26,UMP-45,Grand Prix,0.43,4.3,3.2,-1.1,-0.96,-22.33
0.26,UMP-45,Grand Prix,0.43,4.3,3.2,-1.1,-0.96,-22.33
0.26,UMP-45,Grand Prix,0.43,4.3,3.2,-1.1,-0.96,-22.33
0.26,UMP-45,Grand Prix,0.43,4.3,3.2,-1.1,-0.96,-22.33
0.26,UMP-45,Grand Prix,0.43,4.3,3.2,-1.1,-0.96,-22.33
0.26,UMP-45,Grand Prix,0.43,4.3,3.2,-1.1,-0.96,-22.33
0.26,UMP-45,Grand Prix,0.43,4.3,3.2,-1.1,-0.96,-22.33
0.27,UMP-45,Grand Prix,0.43,4.3,3.2,-1.1,-0.96,-22.33
0.27,UMP-45,Grand Prix,0.43,4.3,3.2,-1.1,-0.96,-22.33
0.27,UMP-45,Grand Prix,0.43,4.3,3.2,-1.1,-0.96,-22.33
0.27,UMP-45,Grand Prix,0.43,4.3,3.2,-1.1,-0.96,-22.33
0.27,UMP-45,Grand Prix,0.43,4.3,3.2,-1.1,-0.96,-22.33
0.27,UMP-45,Grand Prix,0.43,4.3,3.2,-1.1,-0.96,-22.33
0.27,UMP-45,Grand Prix,0.43,4.3,3.2,-1.1,-0.96,-22.33
0.27,UMP-45,Grand Prix,0.43,4.3,3.2,-1.1,-0.96,-22.33
0.27,UMP-45,Grand Prix,0.43,4.3,3.2,-1.1,-0.96,-22.33
0.27,UMP-45,Grand Prix,0.43,4.3,3.2,-1.1,-0.96,-22.33
0.28,UMP-45,Grand Prix,0.43,4.3,3.2,-1.1,-0.96,-22.33
0.28,UMP-45,Grand Prix,0.43,4.3,3.2,-1.1,-0.96,-22.33
0.28,UMP-45,Grand Prix,0.43,4.3,3.2,-1.1,-0.96,-22.33
0.28,UMP-45,Grand Prix,0.43,4.3,3.2,-1.1,-0.96,-22.33
0.28,UMP-45,Grand Prix,0.43,4.3,3.2,-1.1,-0.96,-22.33
0.28,UMP-45,Grand Prix,0.43,4.3,3.2,-1.1,-0.96,-22.33
0.28,UMP-45,Grand Prix,0.43,4.3,3.2,-1.1,-0.96,-22.33
0.28,UMP-45,Grand Prix,0.43,4.3,3.2,-1.1,-0.96,-22.33
0.28,UMP-45,Grand Prix,0.43,4.3,3.2,-1.1,-0.96,-22.33
0.28,UMP-45,Grand Prix,0.43,4.3,3.2,-1.1,-0.96,-22.33
0.29,UMP-45,Grand Prix,0.43,4.3,3.2,-1.1,-0.96,-22.33
0.29,UMP-45,Grand Prix,0.43,4.3,3.2,-1.1,-0.96,-22.33
0.29,UMP-45,Grand Prix,0.43,4.3,3.2,-1.1,-0.96,-22.33
0.29,UMP-45,Grand Prix,0.43,4.3,3.2,-1.1,-0.96,-22.33
0.29,UMP-45,Grand Prix,0.43,4.3,3.2,-1.1,-0.96,-22.33
0.29,UMP-45,Grand Prix,0.43,4.3,3.2,-1.1,-0.96,-22.33
0.29,UMP-45,Grand Prix,0.43,4.3,3.2,-1.1,-0.96,-22.33
0.29,UMP-45,Grand Prix,0.43,4.3,3.2,-1.1,-0.96,-22.33
0.29,UMP-45,Grand Prix,0.43,4.3,3.2,-1.1,-0.96,-22.33
0.29,UMP-45,Grand Prix,0.43,4.3,3.2,-1.1,-0.96,-22.33
0.3,UMP-45,Grand Prix,0.43,4.3,3.2,-1.1,-0.96,-22.33
0.3,UMP-45,Grand Prix,0.43,4.3,3.2,-1.1,-0.96,-22.33
0.3,UMP-45,Grand Prix,0.43,4.3,3.2,-1.1,-0.96,-22.33
0.3,UMP-45,Grand Prix,0.43,4.3,3.2,-1.1,-0.96,-22.33
0.3,UMP-45,Grand Prix,0.43,4.3,3.2,-1.1,-0.96,-22.33
0.3,UMP-45,Grand Prix,0.43,4.3,3.2,-1.1,-0.96,-22.33
0.3,UMP-45,Grand Prix,0.43,4.3,3.2,-1.1,-0.96,-22.33
0.3,UMP-45,Grand Prix,0.43,4.3,3.2,-1.1,-0.96,-22.33
0.3,UMP-45,Grand Prix,0.43,4.3,3.2,-1.1,-0.96,-22.33
0.3,UMP-45,Grand Prix,0.43,4.3,3.2,-1.1,-0.96,-22.33
0.31,UMP-45,Grand Prix,0.43,4.3,3.2,-1.1,-0.96,-22.33
0.31,UMP-45,Grand Prix,0.43,4.3,3.2,-1.1,-0.96,-22.33
0.31,UMP-45,Grand Prix,0.43,4.3,3.2,-1.1,-0.96,-22.33
0.31,UMP-45,Grand Prix,0.43,4.3,3.2,-1.1,-0.96,-22.33
0.31,UMP-45,Grand Prix,0.43,4.3,3.2,-1.1,-0.96,-22.33
0.31,UMP-45,Grand Prix,0.43,4.3,3.2,-1.1,-0.96,-22.33
0.31,UMP-45,Grand Prix,0.43,4.3,3.2,-1.1,-0.96,-22.33
0.31,UMP-45,Grand Prix,0.43,4.3,3.2,-1.1,-0.96,-22.33
0.31,UMP-45,Grand Prix,0.43,4.3,3.2,-1.1,-0.96,-22.33
0.31,UMP-45,Grand Prix,0.43,4.3,3.2,-1.1,-0.96,-22.33
0.32,UMP-45,Grand Prix,0.43,4.3,3.2,-1.1,-0.96,-22.33
0.32,UMP-45,Grand Prix,0.43,4.3,3.2,-1.1,-0.96,-22.33
0.32,UMP-45,Grand Prix,0.43,4.3,3.2,-1.1,-0.96,-22.33
0.32,UMP-45,Grand Prix,0.43,4.3,3.2,-1.1,-0.96,-22.33
0.32,UMP-45,Grand Prix,0.43,4.3,3.2,-1.1,-0.96,-22.33
0.32,UMP-45,Grand Prix,0.43,4.3,3.2,-1.1,-0.96,-22.33
0.32,UMP-45,Grand Prix,0.43,4.3,3.2,-1.1,-0.96,-22.33
0.32,UMP-45,Grand Prix,0.43,4.3,3.2,-1.1,-0.96,-22.33
0.32,UMP-45,Grand Prix,0.43,4.3,3.2,-1.1,-0.96,-22.33
0.32,UMP-45,Grand Prix,0.43,4.3,3.2,-1.1,-0.96,-22.33
0.33,UMP-45,Grand Prix,0.43,4.3,3.2,-1.1,-0.96,-22.33
0.33,UMP-45,Grand Prix,0.43,4.3,3.2,-1.1,-0.96,-22.33
0.33,UMP-45,Grand Prix,0.43,4.3,3.2,-1.1,-0.96,-22.33
0.33,UMP-45,Grand Prix,0.43,4.3,3.2,-1.1,-0.96,-22.33
0.33,UMP-45,Grand Prix,0.43,4.3,3.2,-1.1,-0.96,-22.33
0.33,UMP-45,Grand Prix,0.43,4.3,3.2,-1.1,-0.96,-22.33
0.33,UMP-45,Grand Prix,0.43,4.3,3.2,-1.1,-0.96,-22.33
0.33,UMP-45,Grand Prix,0.43,4.3,3.2,-1.1,-0.96,-22.33
0.33,UMP-45,Grand Prix,0.43,4.3,3.2,-1.1,-0.96,-22.33
0.33,UMP-45,Grand Prix,0.43,4.3,3.2,-1.1,-0.96,-22.33
0.34,UMP-45,Grand Prix,0.43,4.3,3.2,-1.1,-0.96,-22.33
0.34,UMP-45,Grand Prix,0.43,4.3,3.2,-1.1,-0.96,-22.33
0.34,UMP-45,Grand Prix,0.43,4.3,3.2,-1.1,-0.96,-22.33
0.34,UMP-45,Grand Prix,0.43,4.3,3.2,-1.1,-0.96,-22.33
0.34,UMP-45,Grand Prix,0.43,4.3,3.2,-1.1,-0.96,-22.33
0.34,UMP-45,Grand Prix,0.43,4.3,3.2,-1.1,-0.96,-22.33
0.34,UMP-45,Grand Prix,0.43,4.3,3.2,-1.1,-0.96,-22.33
0.34,UMP-45,Grand Prix,0.43,4.3,3.2,-1.1,-0.96,-22.33
0.34,UMP-45,Grand Prix,0.43,4.3,3.2,-1.1,-0.96,-22.33
0.34,UMP-45,Grand Prix,0.43,4.3,3.2,-1.1,-0.96,-22.33
0.35,UMP-45,Grand Prix,0.43,4.3,3.2,-1.1,-0.96,-22.33
0.35,UMP-45,Grand Prix,0.43,4.3,3.2,-1.1,-0.96,-22.33
0.35,UMP-45,Grand Prix,0.43,4.3,3.2,-1.1,-0.96,-22.33
0.35,UMP-45,Grand Prix,0.43,4.3,3.2,-1.1,-0.96,-22.33
0.35,UMP-45,Grand Prix,0.43,4.3,3.2,-1.1,-0.96,-22.33
0.35,UMP-45,Grand Prix,0.43,4.3,3.04,-1.26,-1.1,-25.58
0.35,UMP-45,Grand Prix,0.43,4.3,3.04,-1.26,-1.1,-25.58
0.35,UMP-45,Grand Prix,0.43,4.3,3.04,-1.26,-1.1,-25.58
0.35,UMP-45,Grand Prix,0.43,4.3,3.04,-1.26,-1.1,-25.58
0.35,UMP-45,Grand Prix,0.43,4.3,3.04,-1.26,-1.1,-25.58
0.36,UMP-45,Grand Prix,0.43,4.3,3.04,-1.26,-1.1,-25.58
0.36,UMP-45,Grand Prix,0.43,4.3,3.04,-1.26,-1.1,-25.58
0.36,UMP-45,Grand Prix,0.43,4.3,3.04,-1.26,-1.1,-25.58
0.36,UMP-45,Grand Prix,0.43,4.3,3.04,-1.26,-1.1,-25.58
0.36,UMP-45,Grand Prix,0.43,4.3,3.04,-1.26,-1.1,-25.58
0.36,UMP-45,Grand Prix,0.43,4.3,3.04,-1.26,-1.1,-25.58
0.36,UMP-45,Grand Prix,0.43,4.3,3.04,-1.26,-1.1,-25.58
0.36,UMP-45,Grand Prix,0.43,4.3,3.04,-1.26,-1.1,-25.58
0.36,UMP-45,Grand Prix,0.43,4.3,3.04,-1.26,-1.1,-25.58
0.36,UMP-45,Grand Prix,0.43,4.3,3.04,-1.26,-1.1,-25.58
0.37,UMP-45,Grand Prix,0.43,4.3,3.04,-1.26,-1.1,-25.58
0.37,UMP-45,Grand Prix,0.43,4.3,3.04,-1.26,-1.1,-25.58
0.37,UMP-45,Grand Prix,0.43,4.3,3.04,-1.26,-1.1,-25.58
0.37,UMP-45,Grand Prix,0.43,4.3,3.04,-1.26,-1.1,-25.58
0.37,UMP-45,Grand Prix,0.43,4.3,3.04,-1.26,-1.1,-25.58
0.37,UMP-45,Grand Prix,0.43,4.3,3.04,-1.26,-1.1,-25.58
0.37,UMP-45,Grand Prix,0.43,4.3,3.04,-1.26,-1.1,-25.58
0.37,UMP-45,Grand Prix,0.43,4.3,3.04,-1.26,-1.1,-25.58
0.37,UMP-45,Grand Prix,0.43,4.3,3.04,-1.26,-1.1,-25.58
0.37,UMP-45,Grand Prix,0.43,4.3,2.45,-1.85,-1.62,-37.67
0.38,UMP-45,Grand Prix,0.43,4.3,2.45,-1.85,-1.62,-37.67
0.38,UMP-45,Grand Prix,0.43,4.3,2.45,-1.85,-1.62,-37.67
0.38,UMP-45,Grand Prix,0.43,4.3,2.45,-1.85,-1.62,-37.67
0.38,UMP-45,Grand Prix,0.43,4.3,2.45,-1.85,-1.62,-37.67
0.38,UMP-45,Grand Prix,0.43,4.3,2.45,-1.85,-1.62,-37.67
0.38,UMP-45,Grand Prix,0.43,4.3,2.42,-1.88,-1.65,-38.37
0.38,UMP-45,Grand Prix,0.43,4.3,2.42,-1.88,-1.65,-38.37
0.38,UMP-45,Grand Prix,0.43,4.3,2.42,-1.88,-1.65,-38.37
0.38,UMP-45,Grand Prix,0.43,4.3,2.42,-1.88,-1.65,-38.37
0.38,UMP-45,Grand Prix,0.43,4.3,2.42,-1.88,-1.65,-38.37
0.39,UMP-45,Grand Prix,0.43,4.3,2.42,-1.88,-1.65,-38.37
0.39,UMP-45,Grand Prix,0.43,4.3,2.42,-1.88,-1.65,-38.37
0.39,UMP-45,Grand Prix,0.43,4.3,2.42,-1.88,-1.65,-38.37
0.39,UMP-45,Grand Prix,0.43,4.3,2.42,-1.88,-1.65,-38.37
0.39,UMP-45,Grand Prix,0.43,4.3,2.42,-1.88,-1.65,-38.37
0.39,UMP-45,Grand Prix,0.43,4.3,2.42,-1.88,-1.65,-38.37
0.39,UMP-45,Grand Prix,0.43,4.3,2.42,-1.88,-1.65,-38.37
0.39,UMP-45,Grand Prix,0.43,4.3,2.42,-1.88,-1.65,-38.37
0.39,UMP-45,Grand Prix,0.43,4.3,2.42,-1.88,-1.65,-38.37
0.39,UMP-45,Grand Prix,0.43,4.3,2.42,-1.88,-1.65,-38.37
0.4,UMP-45,Grand Prix,0.43,4.3,2.42,-1.88,-1.65,-38.37
0.4,UMP-45,Grand Prix,0.43,4.3,2.42,-1.88,-1.65,-38.37
0.4,UMP-45,Grand Prix,0.43,4.3,2.42,-1.88,-1.65,-38.37
0.4,UMP-45,Grand Prix,0.43,4.3,2.42,-1.88,-1.65,-38.37
0.4,UMP-45,Grand Prix,0.43,4.3,2.42,-1.88,-1.65,-38.37
0.4,UMP-45,Grand Prix,0.43,4.3,2.42,-1.88,-1.65,-38.37
0.4,UMP-45,Grand Prix,0.43,4.3,2.42,-1.88,-1.65,-38.37
0.4,UMP-45,Grand Prix,0.43,4.3,2.42,-1.88,-1.65,-38.37
0.4,UMP-45,Grand Prix,0.43,4.3,2.42,-1.88,-1.65,-38.37
0.4,UMP-45,Grand Prix,0.43,4.3,2.42,-1.88,-1.65,-38.37
0.41,UMP-45,Grand Prix,0.43,4.3,2.42,-1.88,-1.65,-38.37
0.41,UMP-45,Grand Prix,0.43,4.3,2.42,-1.88,-1.65,-38.37
0.41,UMP-45,Grand Prix,0.43,4.3,2.42,-1.88,-1.65,-38.37
0.41,UMP-45,Grand Prix,0.43,4.3,2.42,-1.88,-1.65,-38.37
0.41,UMP-45,Grand Prix,0.43,4.3,2.42,-1.88,-1.65,-38.37
0.41,UMP-45,Grand Prix,0.43,4.3,2.42,-1.88,-1.65,-38.37
0.41,UMP-45,Grand Prix,0.43,4.3,2.42,-1.88,-1.65,-38.37
0.41,UMP-45,Grand Prix,0.43,4.3,2.42,-1.88,-1.65,-38.37
0.41,UMP-45,Grand Prix,0.43,4.3,2.42,-1.88,-1.65,-38.37
0.41,UMP-45,Grand Prix,0.43,4.3,2.42,-1.88,-1.65,-38.37
0.42,UMP-45,Grand Prix,0.43,4.3,2.42,-1.88,-1.65,-38.37
0.42,UMP-45,Grand Prix,0.43,4.3,2.42,-1.88,-1.65,-38.37
0.42,UMP-45,Grand Prix,0.43,4.3,2.42,-1.88,-1.65,-38.37
0.42,UMP-45,Grand Prix,0.43,4.3,2.42,-1.88,-1.65,-38.37
0.42,UMP-45,Grand Prix,0.43,4.3,2.42,-1.88,-1.65,-38.37
0.42,UMP-45,Grand Prix,0.43,4.3,2.42,-1.88,-1.65,-38.37
0.42,UMP-45,Grand Prix,0.43,4.3,2.42,-1.88,-1.65,-38.37
0.42,UMP-45,Grand Prix,0.43,4.3,2.42,-1.88,-1.65,-38.37
0.42,UMP-45,Grand Prix,0.43,4.3,2.42,-1.88,-1.65,-38.37
0.42,UMP-45,Grand Prix,0.43,4.3,2.42,-1.88,-1.65,-38.37
0.43,UMP-45,Grand Prix,0.43,4.3,2.42,-1.88,-1.65,-38.37
0.43,UMP-45,Grand Prix,0.43,4.3,2.42,-1.88,-1.65,-38.37
0.43,UMP-45,Grand Prix,0.43,4.3,2.42,-1.88,-1.65,-38.37
0.43,UMP-45,Grand Prix,0.43,4.3,2.42,-1.88,-1.65,-38.37
0.43,UMP-45,Grand Prix,0.43,4.3,2.42,-1.88,-1.65,-38.37
0.43,UMP-45,Grand Prix,0.43,4.3,2.42,-1.88,-1.65,-38.37
0.43,UMP-45,Grand Prix,0.43,4.3,2.42,-1.88,-1.65,-38.37
0.43,UMP-45,Grand Prix,0.43,4.3,2.42,-1.88,-1.65,-38.37
0.43,UMP-45,Grand Prix,0.43,4.3,2.42,-1.88,-1.65,-38.37
0.43,UMP-45,Grand Prix,0.43,4.3,2.42,-1.88,-1.65,-38.37
0.44,UMP-45,Grand Prix,0.43,4.3,2.42,-1.88,-1.65,-38.37
0.44,UMP-45,Grand Prix,0.43,4.3,2.42,-1.88,-1.65,-38.37
0.44,UMP-45,Grand Prix,0.43,4.3,2.42,-1.88,-1.65,-38.37
0.44,UMP-45,Grand Prix,0.43,4.3,2.39,-1.91,-1.67,-38.84
0.44,UMP-45,Grand Prix,0.43,4.3,2.39,-1.91,-1.67,-38.84
0.44,UMP-45,Grand Prix,0.43,4.3,2.39,-1.91,-1.67,-38.84
0.44,UMP-45,Grand Prix,0.43,4.3,2.39,-1.91,-1.67,-38.84
0.44,UMP-45,Grand Prix,0.43,4.3,2.39,-1.91,-1.67,-38.84
0.44,UMP-45,Grand Prix,0.43,4.3,2.39,-1.91,-1.67,-38.84
0.44,UMP-45,Grand Prix,0.43,4.3,2.39,-1.91,-1.67,-38.84
0.45,UMP-45,Grand Prix,0.43,4.3,2.39,-1.91,-1.67,-38.84
0.45,UMP-45,Grand Prix,0.43,4.3,2.39,-1.91,-1.67,-38.84
0.45,UMP-45,Grand Prix,0.43,4.3,2.39,-1.91,-1.67,-38.84
0.45,UMP-45,Grand Prix,0.43,4.3,2.39,-1.91,-1.67,-38.84
0.45,UMP-45,Grand Prix,0.43,4.3,2.39,-1.91,-1.67,-38.84
0.45,UMP-45,Grand Prix,0.43,4.3,2.4,-1.9,-1.66,-38.6
0.45,UMP-45,Grand Prix,0.43,4.3,2.4,-1.9,-1.66,-38.6
0.45,UMP-45,Grand Prix,0.43,4.3,2.4,-1.9,-1.66,-38.6
0.45,UMP-45,Grand Prix,0.43,4.3,2.4,-1.9,-1.66,-38.6
0.45,UMP-45,Grand Prix,0.43,4.3,2.4,-1.9,-1.66,-38.6
0.46,UMP-45,Grand Prix,0.43,4.3,2.4,-1.9,-1.66,-38.6
0.46,UMP-45,Grand Prix,0.43,4.3,2.4,-1.9,-1.66,-38.6
0.46,UMP-45,Grand Prix,0.43,4.3,2.4,-1.9,-1.66,-38.6
0.46,UMP-45,Grand Prix,0.43,4.3,2.4,-1.9,-1.66,-38.6
0.46,UMP-45,Grand Prix,0.43,4.3,2.4,-1.9,-1.66,-38.6
0.46,UMP-45,Grand Prix,0.43,4.3,2.4,-1.9,-1.66,-38.6
0.46,UMP-45,Grand Prix,0.43,4.3,2.4,-1.9,-1.66,-38.6
0.46,UMP-45,Grand Prix,0.43,4.3,2.4,-1.9,-1.66,-38.6
0.46,UMP-45,Grand Prix,0.43,4.3,2.4,-1.9,-1.66,-38.6
0.46,UMP-45,Grand Prix,0.43,4.3,2.4,-1.9,-1.66,-38.6
0.47,UMP-45,Grand Prix,0.43,4.3,2.4,-1.9,-1.66,-38.6
0.47,UMP-45,Grand Prix,0.43,4.3,2.4,-1.9,-1.66,-38.6
0.47,UMP-45,Grand Prix,0.43,4.3,2.17,-2.13,-1.86,-43.26
0.47,UMP-45,Grand Prix,0.43,4.3,2.17,-2.13,-1.86,-43.26
0.47,UMP-45,Grand Prix,0.43,4.3,2.17,-2.13,-1.86,-43.26
0.47,UMP-45,Grand Prix,0.43,4.3,2.17,-2.13,-1.86,-43.26
0.47,UMP-45,Grand Prix,0.43,4.3,2.17,-2.13,-1.86,-43.26
0.47,UMP-45,Grand Prix,0.43,4.3,2.17,-2.13,-1.86,-43.26
0.47,UMP-45,Grand Prix,0.43,4.3,2.17,-2.13,-1.86,-43.26
0.47,UMP-45,Grand Prix,0.43,4.3,2.17,-2.13,-1.86,-43.26
0.48,UMP-45,Grand Prix,0.43,4.3,2.17,-2.13,-1.86,-43.26
0.48,UMP-45,Grand Prix,0.43,4.3,2.17,-2.13,-1.86,-43.26
0.48,UMP-45,Grand Prix,0.43,4.3,2.17,-2.13,-1.86,-43.26
0.48,UMP-45,Grand Prix,0.43,4.3,2.17,-2.13,-1.86,-43.26
0.48,UMP-45,Grand Prix,0.43,4.3,2.17,-2.13,-1.86,-43.26
0.48,UMP-45,Grand Prix,0.43,4.3,2.17,-2.13,-1.86,-43.26
0.48,UMP-45,Grand Prix,0.43,4.3,2.17,-2.13,-1.86,-43.26
0.48,UMP-45,Grand Prix,0.43,4.3,2.17,-2.13,-1.86,-43.26
0.48,UMP-45,Grand Prix,0.43,4.3,2.17,-2.13,-1.86,-43.26
0.48,UMP-45,Grand Prix,0.43,4.3,2.17,-2.13,-1.86,-43.26
0.49,UMP-45,Grand Prix,0.43,4.3,2.17,-2.13,-1.86,-43.26
0.49,UMP-45,Grand Prix,0.43,4.3,2.17,-2.13,-1.86,-43.26
0.49,UMP-45,Grand Prix,0.43,4.3,2.17,-2.13,-1.86,-43.26
0.49,UMP-45,Grand Prix,0.43,4.3,2.17,-2.13,-1.86,-43.26
0.49,UMP-45,Grand Prix,0.43,4.3,2.17,-2.13,-1.86,-43.26
0.49,UMP-45,Grand Prix,0.43,4.3,2.17,-2.13,-1.86,-43.26
0.49,UMP-45,Grand Prix,0.43,4.3,2.17,-2.13,-1.86,-43.26
0.49,UMP-45,Grand Prix,0.43,4.3,2.17,-2.13,-1.86,-43.26
0.49,UMP-45,Grand Prix,0.43,4.3,2.17,-2.13,-1.86,-43.26
0.49,UMP-45,Grand Prix,0.43,4.3,2.17,-2.13,-1.86,-43.26
0.5,UMP-45,Grand Prix,0.43,4.3,2.17,-2.13,-1.86,-43.26
0.5,UMP-45,Grand Prix,0.43,4.3,2.17,-2.13,-1.86,-43.26
0.5,UMP-45,Grand Prix,0.43,4.3,2.17,-2.13,-1.86,-43.26
0.5,UMP-45,Grand Prix,0.43,4.3,2.17,-2.13,-1.86,-43.26
0.5,UMP-45,Grand Prix,0.43,4.3,2.17,-2.13,-1.86,-43.26
0.5,UMP-45,Grand Prix,0.43,4.3,2.17,-2.13,-1.86,-43.26
0.5,UMP-45,Grand Prix,0.43,4.3,2.17,-2.13,-1.86,-43.26
0.5,UMP-45,Grand Prix,0.43,4.3,2.17,-2.13,-1.86,-43.26
0.5,UMP-45,Grand Prix,0.43,4.3,2.17,-2.13,-1.86,-43.26
0.5,UMP-45,Grand Prix,0.43,4.3,2.17,-2.13,-1.86,-43.26
0.51,UMP-45,Grand Prix,0.43,4.3,2.17,-2.13,-1.86,-43.26
0.51,UMP-45,Grand Prix,0.43,4.3,2.17,-2.13,-1.86,-43.26
0.51,UMP-45,Grand Prix,0.43,4.3,2.17,-2.13,-1.86,-43.26
0.51,UMP-45,Grand Prix,0.43,4.3,2.17,-2.13,-1.86,-43.26
0.51,UMP-45,Grand Prix,0.43,4.3,2.17,-2.13,-1.86,-43.26
0.51,UMP-45,Grand Prix,0.43,4.3,2.17,-2.13,-1.86,-43.26
0.51,UMP-45,Grand Prix,0.43,4.3,2.17,-2.13,-1.86,-43.26
0.51,UMP-45,Grand Prix,0.43,4.3,2.17,-2.13,-1.86,-43.26
0.51,UMP-45,Grand Prix,0.43,4.3,2.17,-2.13,-1.86,-43.26
0.51,UMP-45,Grand Prix,0.43,4.3,2.17,-2.13,-1.86,-43.26
0.52,UMP-45,Grand Prix,0.43,4.3,2.17,-2.13,-1.86,-43.26
0.52,UMP-45,Grand Prix,0.43,4.3,2.17,-2.13,-1.86,-43.26
0.52,UMP-45,Grand Prix,0.43,4.3,2.17,-2.13,-1.86,-43.26
0.52,UMP-45,Grand Prix,0.43,4.3,2.17,-2.13,-1.86,-43.26
0.52,UMP-45,Grand Prix,0.43,4.3,2.17,-2.13,-1.86,-43.26
0.52,UMP-45,Grand Prix,0.43,4.3,2.17,-2.13,-1.86,-43.26
0.52,UMP-45,Grand Prix,0.43,4.3,2.17,-2.13,-1.86,-43.26
0.52,UMP-45,Grand Prix,0.43,4.3,2.17,-2.13,-1.86,-43.26
0.52,UMP-45,Grand Prix,0.43,4.3,2.17,-2.13,-1.86,-43.26
0.52,UMP-45,Grand Prix,0.43,4.3,2.17,-2.13,-1.86,-43.26
0.53,UMP-45,Grand Prix,0.43,4.3,2.17,-2.13,-1.86,-43.26
0.53,UMP-45,Grand Prix,0.43,4.3,2.17,-2.13,-1.86,-43.26
0.53,UMP-45,Grand Prix,0.43,4.3,2.17,-2.13,-1.86,-43.26
0.53,UMP-45,Grand Prix,0.43,4.3,2.17,-2.13,-1.86,-43.26
0.53,UMP-45,Grand Prix,0.43,4.3,2.17,-2.13,-1.86,-43.26
0.53,UMP-45,Grand Prix,0.43,4.3,2.17,-2.13,-1.86,-43.26
0.53,UMP-45,Grand Prix,0.43,4.3,2.17,-2.13,-1.86,-43.26
0.53,UMP-45,Grand Prix,0.43,4.3,2.17,-2.13,-1.86,-43.26
0.53,UMP-45,Grand Prix,0.43,4.3,2.17,-2.13,-1.86,-43.26
0.53,UMP-45,Grand Prix,0.43,4.3,2.17,-2.13,-1.86,-43.26
0.54,UMP-45,Grand Prix,0.43,4.3,2.17,-2.13,-1.86,-43.26
0.54,UMP-45,Grand Prix,0.43,4.3,2.17,-2.13,-1.86,-43.26
0.54,UMP-45,Grand Prix,0.43,4.3,2.17,-2.13,-1.86,-43.26
0.54,UMP-45,Grand Prix,0.43,4.3,2.17,-2.13,-1.86,-43.26
0.54,UMP-45,Grand Prix,0.43,4.3,2.17,-2.13,-1.86,-43.26
0.54,UMP-45,Grand Prix,0.43,4.3,2.17,-2.13,-1.86,-43.26
0.54,UMP-45,Grand Prix,0.43,4.3,2.17,-2.13,-1.86,-43.26
0.54,UMP-45,Grand Prix,0.43,4.3,2.17,-2.13,-1.86,-43.26
0.54,UMP-45,Grand Prix,0.43,4.3,2.17,-2.13,-1.86,-43.26
0.54,UMP-45,Grand Prix,0.43,4.3,2.17,-2.13,-1.86,-43.26
0.55,UMP-45,Grand Prix,0.43,4.3,2.17,-2.13,-1.86,-43.26
0.55,UMP-45,Grand Prix,0.43,4.3,2.17,-2.13,-1.86,-43.26
0.55,UMP-45,Grand Prix,0.43,4.3,2.17,-2.13,-1.86,-43.26
0.55,UMP-45,Grand Prix,0.43,4.3,2.17,-2.13,-1.86,-43.26
0.55,UMP-45,Grand Prix,0.43,4.3,2.17,-2.13,-1.86,-43.26
0.55,UMP-45,Grand Prix,0.43,4.3,2.17,-2.13,-1.86,-43.26
0.55,UMP-45,Grand Prix,0.43,4.3,2.17,-2.13,-1.86,-43.26
0.55,UMP-45,Grand Prix,0.43,4.3,2.17,-2.13,-1.86,-43.26
0.55,UMP-45,Grand Prix,0.43,4.3,2.17,-2.13,-1.86,-43.26
0.55,UMP-45,Grand Prix,0.43,4.3,2.17,-2.13,-1.86,-43.26
0.56,UMP-45,Grand Prix,0.43,4.3,2.17,-2.13,-1.86,-43.26
0.56,UMP-45,Grand Prix,0.43,4.3,2.17,-2.13,-1.86,-43.26
0.56,UMP-45,Grand Prix,0.43,4.3,2.17,-2.13,-1.86,-43.26
0.56,UMP-45,Grand Prix,0.43,4.3,2.17,-2.13,-1.86,-43.26
0.56,UMP-45,Grand Prix,0.43,4.3,2.17,-2.13,-1.86,-43.26
0.56,UMP-45,Grand Prix,0.43,4.3,2.17,-2.13,-1.86,-43.26
0.56,UMP-45,Grand Prix,0.43,4.3,2.17,-2.13,-1.86,-43.26
0.56,UMP-45,Grand Prix,0.43,4.3,2.17,-2.13,-1.86,-43.26
0.56,UMP-45,Grand Prix,0.43,4.3,2.17,-2.13,-1.86,-43.26
0.56,UMP-45,Grand Prix,0.43,4.3,2.17,-2.13,-1.86,-43.26
0.57,UMP-45,Grand Prix,0.43,4.3,2.17,-2.13,-1.86,-43.26
0.57,UMP-45,Grand Prix,0.43,4.3,2.17,-2.13,-1.86,-43.26
0.57,UMP-45,Grand Prix,0.43,4.3,2.17,-2.13,-1.86,-43.26
0.57,UMP-45,Grand Prix,0.43,4.3,2.17,-2.13,-1.86,-43.26
0.57,UMP-45,Grand Prix,0.43,4.3,2.17,-2.13,-1.86,-43.26
0.57,UMP-45,Grand Prix,0.43,4.3,2.17,-2.13,-1.86,-43.26
0.57,UMP-45,Grand Prix,0.43,4.3,2.17,-2.13,-1.86,-43.26
0.57,UMP-45,Grand Prix,0.43,4.3,2.17,-2.13,-1.86,-43.26
0.57,UMP-45,Grand Prix,0.43,4.3,2.17,-2.13,-1.86,-43.26
0.57,UMP-45,Grand Prix,0.43,4.3,2.17,-2.13,-1.86,-43.26
0.58,UMP-45,Grand Prix,0.43,4.3,2.17,-2.13,-1.86,-43.26
0.58,UMP-45,Grand Prix,0.43,4.3,2.17,-2.13,-1.86,-43.26
0.58,UMP-45,Grand Prix,0.43,4.3,2.17,-2.13,-1.86,-43.26
0.58,UMP-45,Grand Prix,0.43,4.3,2.17,-2.13,-1.86,-43.26
0.58,UMP-45,Grand Prix,0.43,4.3,2.17,-2.13,-1.86,-43.26
0.58,UMP-45,Grand Prix,0.43,4.3,2.17,-2.13,-1.86,-43.26
0.58,UMP-45,Grand Prix,0.43,4.3,2.17,-2.13,-1.86,-43.26
0.58,UMP-45,Grand Prix,0.43,4.3,2.17,-2.13,-1.86,-43.26
0.58,UMP-45,Grand Prix,0.43,4.3,2.17,-2.13,-1.86,-43.26
0.58,UMP-45,Grand Prix,0.43,4.3,2.17,-2.13,-1.86,-43.26
0.59,UMP-45,Grand Prix,0.43,4.3,2.17,-2.13,-1.86,-43.26
0.59,UMP-45,Grand Prix,0.43,4.3,2.17,-2.13,-1.86,-43.26
0.59,UMP-45,Grand Prix,0.43,4.3,2.17,-2.13,-1.86,-43.26
0.59,UMP-45,Grand Prix,0.43,4.3,2.17,-2.13,-1.86,-43.26
0.59,UMP-45,Grand Prix,0.43,4.3,2.17,-2.13,-1.86,-43.26
0.59,UMP-45,Grand Prix,0.43,4.3,2.17,-2.13,-1.86,-43.26
0.59,UMP-45,Grand Prix,0.43,4.3,2.17,-2.13,-1.86,-43.26
0.59,UMP-45,Grand Prix,0.43,4.3,2.17,-2.13,-1.86,-43.26
0.59,UMP-45,Grand Prix,0.43,4.3,2.17,-2.13,-1.86,-43.26
0.59,UMP-45,Grand Prix,0.43,4.3,2.17,-2.13,-1.86,-43.26
0.6,UMP-45,Grand Prix,0.43,4.3,2.17,-2.13,-1.86,-43.26
0.6,UMP-45,Grand Prix,0.43,4.3,2.17,-2.13,-1.86,-43.26
0.6,UMP-45,Grand Prix,0.43,4.3,2.17,-2.13,-1.86,-43.26
0.6,UMP-45,Grand Prix,0.43,4.3,2.17,-2.13,-1.86,-43.26
0.6,UMP-45,Grand Prix,0.43,4.3,2.17,-2.13,-1.86,-43.26
0.6,UMP-45,Grand Prix,0.43,4.3,2.17,-2.13,-1.86,-43.26
0.6,UMP-45,Grand Prix,0.43,4.3,2.17,-2.13,-1.86,-43.26
0.6,UMP-45,Grand Prix,0.43,4.3,2.17,-2.13,-1.86,-43.26
0.6,UMP-45,Grand Prix,0.43,4.3,2.17,-2.13,-1.86,-43.26
0.6,UMP-45,Grand Prix,0.43,4.3,2.17,-2.13,-1.86,-43.26
0.61,UMP-45,Grand Prix,0.43,4.3,2.17,-2.13,-1.86,-43.26
0.61,UMP-45,Grand Prix,0.43,4.3,2.17,-2.13,-1.86,-43.26
0.61,UMP-45,Grand Prix,0.43,4.3,2.17,-2.13,-1.86,-43.26
0.61,UMP-45,Grand Prix,0.43,4.3,2.17,-2.13,-1.86,-43.26
0.61,UMP-45,Grand Prix,0.43,4.3,2.17,-2.13,-1.86,-43.26
0.61,UMP-45,Grand Prix,0.43,4.3,2.17,-2.13,-1.86,-43.26
0.61,UMP-45,Grand Prix,0.43,4.3,2.17,-2.13,-1.86,-43.26
0.61,UMP-45,Grand Prix,0.43,4.3,2.17,-2.13,-1.86,-43.26
0.61,UMP-45,Grand Prix,0.43,4.3,2.17,-2.13,-1.86,-43.26
0.61,UMP-45,Grand Prix,0.43,4.3,2.17,-2.13,-1.86,-43.26
0.62,UMP-45,Grand Prix,0.43,4.3,2.17,-2.13,-1.86,-43.26
0.62,UMP-45,Grand Prix,0.43,4.3,2.17,-2.13,-1.86,-43.26
0.62,UMP-45,Grand Prix,0.43,4.3,2.17,-2.13,-1.86,-43.26
0.62,UMP-45,Grand Prix,0.43,4.3,2.17,-2.13,-1.86,-43.26
0.62,UMP-45,Grand Prix,0.43,4.3,2.17,-2.13,-1.86,-43.26
0.62,UMP-45,Grand Prix,0.43,4.3,2.17,-2.13,-1.86,-43.26
0.62,UMP-45,Grand Prix,0.43,4.3,2.17,-2.13,-1.86,-43.26
0.62,UMP-45,Grand Prix,0.43,4.3,2.17,-2.13,-1.86,-43.26
0.62,UMP-45,Grand Prix,0.43,4.3,2.17,-2.13,-1.86,-43.26
0.62,UMP-45,Grand Prix,0.43,4.3,2.17,-2.13,-1.86,-43.26
0.63,UMP-45,Grand Prix,0.43,4.3,2.17,-2.13,-1.86,-43.26
0.63,UMP-45,Grand Prix,0.43,4.3,2.17,-2.13,-1.86,-43.26
0.63,UMP-45,Grand Prix,0.43,4.3,2.17,-2.13,-1.86,-43.26
0.63,UMP-45,Grand Prix,0.43,4.3,2.17,-2.13,-1.86,-43.26
0.63,UMP-45,Grand Prix,0.43,4.3,2.17,-2.13,-1.86,-43.26
0.63,UMP-45,Grand Prix,0.43,4.3,2.17,-2.13,-1.86,-43.26
0.63,UMP-45,Grand Prix,0.43,4.3,2.17,-2.13,-1.86,-43.26
0.63,UMP-45,Grand Prix,0.43,4.3,2.17,-2.13,-1.86,-43.26
0.63,UMP-45,Grand Prix,0.43,4.3,2.17,-2.13,-1.86,-43.26
0.63,UMP-45,Grand Prix,0.43,4.3,2.17,-2.13,-1.86,-43.26
0.64,UMP-45,Grand Prix,0.43,4.3,2.17,-2.13,-1.86,-43.26
0.64,UMP-45,Grand Prix,0.43,4.3,2.17,-2.13,-1.86,-43.26
0.64,UMP-45,Grand Prix,0.43,4.3,2.17,-2.13,-1.86,-43.26
0.64,UMP-45,Grand Prix,0.43,4.3,2.17,-2.13,-1.86,-43.26
0.64,UMP-45,Grand Prix,0.43,4.3,2.17,-2.13,-1.86,-43.26
0.64,UMP-45,Grand Prix,0.43,4.3,2.17,-2.13,-1.86,-43.26
0.64,UMP-45,Grand Prix,0.43,4.3,2.17,-2.13,-1.86,-43.26
0.64,UMP-45,Grand Prix,0.43,4.3,2.17,-2.13,-1.86,-43.26
0.64,UMP-45,Grand Prix,0.43,4.3,2.17,-2.13,-1.86,-43.26
0.64,UMP-45,Grand Prix,0.43,4.3,2.17,-2.13,-1.86,-43.26
0.65,UMP-45,Grand Prix,0.43,4.3,2.17,-2.13,-1.86,-43.26
0.65,UMP-45,Grand Prix,0.43,4.3,2.17,-2.13,-1.86,-43.26
0.65,UMP-45,Grand Prix,0.43,4.3,2.17,-2.13,-1.86,-43.26
0.65,UMP-45,Grand Prix,0.43,4.3,2.17,-2.13,-1.86,-43.26
0.65,UMP-45,Grand Prix,0.43,4.3,2.17,-2.13,-1.86,-43.26
0.65,UMP-45,Grand Prix,0.43,4.3,2.17,-2.13,-1.86,-43.26
0.65,UMP-45,Grand Prix,0.43,4.3,2.17,-2.13,-1.86,-43.26
0.65,UMP-45,Grand Prix,0.43,4.3,2.17,-2.13,-1.86,-43.26
0.65,UMP-45,Grand Prix,0.43,4.3,2.17,-2.13,-1.86,-43.26
0.65,UMP-45,Grand Prix,0.43,4.3,2.17,-2.13,-1.86,-43.26
0.66,UMP-45,Grand Prix,0.43,4.3,2.17,-2.13,-1.86,-43.26
0.66,UMP-45,Grand Prix,0.43,4.3,2.17,-2.13,-1.86,-43.26
0.66,UMP-45,Grand Prix,0.43,4.3,2.17,-2.13,-1.86,-43.26
0.66,UMP-45,Grand Prix,0.43,4.3,2.17,-2.13,-1.86,-43.26
0.66,UMP-45,Grand Prix,0.43,4.3,2.17,-2.13,-1.86,-43.26
0.66,UMP-45,Grand Prix,0.43,4.3,2.17,-2.13,-1.86,-43.26
0.66,UMP-45,Grand Prix,0.43,4.3,2.17,-2.13,-1.86,-43.26
0.66,UMP-45,Grand Prix,0.43,4.3,2.17,-2.13,-1.86,-43.26
0.66,UMP-45,Grand Prix,0.43,4.3,2.17,-2.13,-1.86,-43.26
0.66,UMP-45,Grand Prix,0.43,4.3,2.17,-2.13,-1.86,-43.26
0.67,UMP-45,Grand Prix,0.43,4.3,2.17,-2.13,-1.86,-43.26
0.67,UMP-45,Grand Prix,0.43,4.3,2.17,-2.13,-1.86,-43.26
0.67,UMP-45,Grand Prix,0.43,4.3,2.17,-2.13,-1.86,-43.26
0.67,UMP-45,Grand Prix,0.43,4.3,2.17,-2.13,-1.86,-43.26
0.67,UMP-45,Grand Prix,0.43,4.3,2.17,-2.13,-1.86,-43.26
0.67,UMP-45,Grand Prix,0.43,4.3,2.17,-2.13,-1.86,-43.26
0.67,UMP-45,Grand Prix,0.43,4.3,2.17,-2.13,-1.86,-43.26
0.67,UMP-45,Grand Prix,0.43,4.3,2.17,-2.13,-1.86,-43.26
0.67,UMP-45,Grand Prix,0.43,4.3,2.17,-2.13,-1.86,-43.26
0.67,UMP-45,Grand Prix,0.43,4.3,2.17,-2.13,-1.86,-43.26
0.68,UMP-45,Grand Prix,0.43,4.3,2.17,-2.13,-1.86,-43.26
0.68,UMP-45,Grand Prix,0.43,4.3,2.17,-2.13,-1.86,-43.26
0.68,UMP-45,Grand Prix,0.43,4.3,2.17,-2.13,-1.86,-43.26
0.68,UMP-45,Grand Prix,0.43,4.3,2.17,-2.13,-1.86,-43.26
0.68,UMP-45,Grand Prix,0.43,4.3,2.17,-2.13,-1.86,-43.26
0.68,UMP-45,Grand Prix,0.43,4.3,2.17,-2.13,-1.86,-43.26
0.68,UMP-45,Grand Prix,0.43,4.3,2.17,-2.13,-1.86,-43.26
0.68,UMP-45,Grand Prix,0.43,4.3,2.17,-2.13,-1.86,-43.26
0.68,UMP-45,Grand Prix,0.43,4.3,2.17,-2.13,-1.86,-43.26
0.68,UMP-45,Grand Prix,0.43,4.3,2.17,-2.13,-1.86,-43.26
0.69,UMP-45,Grand Prix,0.43,4.3,2.17,-2.13,-1.86,-43.26
0.69,UMP-45,Grand Prix,0.43,4.3,2.17,-2.13,-1.86,-43.26
0.69,UMP-45,Grand Prix,0.43,4.3,2.17,-2.13,-1.86,-43.26
0.69,UMP-45,Grand Prix,0.43,4.3,2.17,-2.13,-1.86,-43.26
0.69,UMP-45,Grand Prix,0.43,4.3,2.17,-2.13,-1.86,-43.26
0.69,UMP-45,Grand Prix,0.43,4.3,2.17,-2.13,-1.86,-43.26
0.69,UMP-45,Grand Prix,0.43,4.3,2.17,-2.13,-1.86,-43.26
0.69,UMP-45,Grand Prix,0.43,4.3,2.17,-2.13,-1.86,-43.26
0.69,UMP-45,Grand Prix,0.43,4.3,2.17,-2.13,-1.86,-43.26
0.69,UMP-45,Grand Prix,0.43,4.3,2.17,-2.13,-1.86,-43.26
0.7,UMP-45,Grand Prix,0.43,4.3,2.17,-2.13,-1.86,-43.26
0.7,UMP-45,Grand Prix,0.43,4.3,2.17,-2.13,-1.86,-43.26
0.7,UMP-45,Grand Prix,0.43,4.3,2.17,-2.13,-1.86,-43.26
0.7,UMP-45,Grand Prix,0.43,4.3,2.17,-2.13,-1.86,-43.26
0.7,UMP-45,Grand Prix,0.43,4.3,2.17,-2.13,-1.86,-43.26
0.7,UMP-45,Grand Prix,0.43,4.3,2.17,-2.13,-1.86,-43.26
0.7,UMP-45,Grand Prix,0.43,4.3,2.17,-2.13,-1.86,-43.26
0.7,UMP-45,Grand Prix,0.43,4.3,2.17,-2.13,-1.86,-43.26
0.7,UMP-45,Grand Prix,0.43,4.3,2.17,-2.13,-1.86,-43.26
0.7,UMP-45,Grand Prix,0.43,4.3,2.17,-2.13,-1.86,-43.26
0.71,UMP-45,Grand Prix,0.43,4.3,2.17,-2.13,-1.86,-43.26
0.71,UMP-45,Grand Prix,0.43,4.3,2.17,-2.13,-1.86,-43.26
0.71,UMP-45,Grand Prix,0.43,4.3,2.17,-2.13,-1.86,-43.26
0.71,UMP-45,Grand Prix,0.43,4.3,2.17,-2.13,-1.86,-43.26
0.71,UMP-45,Grand Prix,0.43,4.3,2.17,-2.13,-1.86,-43.26
0.71,UMP-45,Grand Prix,0.43,4.3,2.17,-2.13,-1.86,-43.26
0.71,UMP-45,Grand Prix,0.43,4.3,2.17,-2.13,-1.86,-43.26
0.71,UMP-45,Grand Prix,0.43,4.3,2.17,-2.13,-1.86,-43.26
0.71,UMP-45,Grand Prix,0.43,4.3,2.17,-2.13,-1.86,-43.26
0.71,UMP-45,Grand Prix,0.43,4.3,2.17,-2.13,-1.86,-43.26
0.72,UMP-45,Grand Prix,0.43,4.3,2.17,-2.13,-1.86,-43.26
0.72,UMP-45,Grand Prix,0.43,4.3,2.17,-2.13,-1.86,-43.26
0.72,UMP-45,Grand Prix,0.43,4.3,2.17,-2.13,-1.86,-43.26
0.72,UMP-45,Grand Prix,0.43,4.3,2.17,-2.13,-1.86,-43.26
0.72,UMP-45,Grand Prix,0.43,4.3,2.17,-2.13,-1.86,-43.26
0.72,UMP-45,Grand Prix,0.43,4.3,2.17,-2.13,-1.86,-43.26
0.72,UMP-45,Grand Prix,0.43,4.3,2.17,-2.13,-1.86,-43.26
0.72,UMP-45,Grand Prix,0.43,4.3,2.17,-2.13,-1.86,-43.26
0.72,UMP-45,Grand Prix,0.43,4.3,2.17,-2.13,-1.86,-43.26
0.72,UMP-45,Grand Prix,0.43,4.3,2.17,-2.13,-1.86,-43.26
0.73,UMP-45,Grand Prix,0.43,4.3,2.17,-2.13,-1.86,-43.26
0.73,UMP-45,Grand Prix,0.43,4.3,2.17,-2.13,-1.86,-43.26
0.73,UMP-45,Grand Prix,0.43,4.3,2.17,-2.13,-1.86,-43.26
0.73,UMP-45,Grand Prix,0.43,4.3,2.17,-2.13,-1.86,-43.26
0.73,UMP-45,Grand Prix,0.43,4.3,2.17,-2.13,-1.86,-43.26
0.73,UMP-45,Grand Prix,0.43,4.3,2.17,-2.13,-1.86,-43.26
0.73,UMP-45,Grand Prix,0.43,4.3,2.17,-2.13,-1.86,-43.26
0.73,UMP-45,Grand Prix,0.43,4.3,2.17,-2.13,-1.86,-43.26
0.73,UMP-45,Grand Prix,0.43,4.3,2.17,-2.13,-1.86,-43.26
0.73,UMP-45,Grand Prix,0.43,4.3,2.17,-2.13,-1.86,-43.26
0.74,UMP-45,Grand Prix,0.43,4.3,2.17,-2.13,-1.86,-43.26
0.74,UMP-45,Grand Prix,0.43,4.3,2.17,-2.13,-1.86,-43.26
0.74,UMP-45,Grand Prix,0.43,4.3,2.17,-2.13,-1.86,-43.26
0.74,UMP-45,Grand Prix,0.43,4.3,2.17,-2.13,-1.86,-43.26
0.74,UMP-45,Grand Prix,0.43,4.3,2.17,-2.13,-1.86,-43.26
0.74,UMP-45,Grand Prix,0.43,4.3,2.17,-2.13,-1.86,-43.26
0.74,UMP-45,Grand Prix,0.43,4.3,2.17,-2.13,-1.86,-43.26
0.74,UMP-45,Grand Prix,0.43,4.3,2.17,-2.13,-1.86,-43.26
0.74,UMP-45,Grand Prix,0.43,4.3,2.17,-2.13,-1.86,-43.26
0.74,UMP-45,Grand Prix,0.43,4.3,2.17,-2.13,-1.86,-43.26
0.75,UMP-45,Grand Prix,0.43,4.3,2.17,-2.13,-1.86,-43.26
0.75,UMP-45,Grand Prix,0.43,4.3,2.17,-2.13,-1.86,-43.26
0.75,UMP-45,Grand Prix,0.43,4.3,2.17,-2.13,-1.86,-43.26
0.75,UMP-45,Grand Prix,0.43,4.3,2.17,-2.13,-1.86,-43.26
0.75,UMP-45,Grand Prix,0.43,4.3,2.17,-2.13,-1.86,-43.26
0.75,UMP-45,Grand Prix,0.43,4.3,2.17,-2.13,-1.86,-43.26
0.75,UMP-45,Grand Prix,0.43,4.3,2.17,-2.13,-1.86,-43.26
0.75,UMP-45,Grand Prix,0.43,4.3,2.17,-2.13,-1.86,-43.26
0.75,UMP-45,Grand Prix,0.43,4.3,2.17,-2.13,-1.86,-43.26
0.75,UMP-45,Grand Prix,0.43,4.3,2.17,-2.13,-1.86,-43.26
0.76,UMP-45,Grand Prix,0.43,4.3,2.17,-2.13,-1.86,-43.26
0.76,UMP-45,Grand Prix,0.43,4.3,2.17,-2.13,-1.86,-43.26
0.76,UMP-45,Grand Prix,0.43,4.3,2.17,-2.13,-1.86,-43.26
0.76,UMP-45,Grand Prix,0.43,4.3,2.17,-2.13,-1.86,-43.26
0.76,UMP-45,Grand Prix,0.43,4.3,2.17,-2.13,-1.86,-43.26
0.76,UMP-45,Grand Prix,0.43,4.3,2.17,-2.13,-1.86,-43.26
0.76,UMP-45,Grand Prix,0.43,4.3,2.17,-2.13,-1.86,-43.26
0.76,UMP-45,Grand Prix,0.43,4.3,2.17,-2.13,-1.86,-43.26
0.76,UMP-45,Grand Prix,0.43,4.3,2.17,-2.13,-1.86,-43.26
0.76,UMP-45,Grand Prix,0.43,4.3,2.17,-2.13,-1.86,-43.26
0.77,UMP-45,Grand Prix,0.43,4.3,2.17,-2.13,-1.86,-43.26
0.77,UMP-45,Grand Prix,0.43,4.3,2.17,-2.13,-1.86,-43.26
0.77,UMP-45,Grand Prix,0.43,4.3,2.17,-2.13,-1.86,-43.26
0.77,UMP-45,Grand Prix,0.43,4.3,2.17,-2.13,-1.86,-43.26
0.77,UMP-45,Grand Prix,0.43,4.3,2.17,-2.13,-1.86,-43.26
0.77,UMP-45,Grand Prix,0.43,4.3,2.17,-2.13,-1.86,-43.26
0.77,UMP-45,Grand Prix,0.43,4.3,2.17,-2.13,-1.86,-43.26
0.77,UMP-45,Grand Prix,0.43,4.3,2.17,-2.13,-1.86,-43.26
0.77,UMP-45,Grand Prix,0.43,4.3,2.17,-2.13,-1.86,-43.26
0.77,UMP-45,Grand Prix,0.43,4.3,2.17,-2.13,-1.86,-43.26
0.78,UMP-45,Grand Prix,0.43,4.3,2.17,-2.13,-1.86,-43.26
0.78,UMP-45,Grand Prix,0.43,4.3,2.17,-2.13,-1.86,-43.26
0.78,UMP-45,Grand Prix,0.43,4.3,2.17,-2.13,-1.86,-43.26
0.78,UMP-45,Grand Prix,0.43,4.3,2.17,-2.13,-1.86,-43.26
0.78,UMP-45,Grand Prix,0.43,4.3,2.17,-2.13,-1.86,-43.26
0.78,UMP-45,Grand Prix,0.43,4.3,2.17,-2.13,-1.86,-43.26
0.78,UMP-45,Grand Prix,0.43,4.3,2.17,-2.13,-1.86,-43.26
0.78,UMP-45,Grand Prix,0.43,4.3,2.17,-2.13,-1.86,-43.26
0.78,UMP-45,Grand Prix,0.43,4.3,2.17,-2.13,-1.86,-43.26
0.78,UMP-45,Grand Prix,0.43,4.3,2.17,-2.13,-1.86,-43.26
0.79,UMP-45,Grand Prix,0.43,4.3,2.17,-2.13,-1.86,-43.26
0.79,UMP-45,Grand Prix,0.43,4.3,2.17,-2.13,-1.86,-43.26
0.79,UMP-45,Grand Prix,0.43,4.3,2.17,-2.13,-1.86,-43.26
0.79,UMP-45,Grand Prix,0.43,4.3,2.17,-2.13,-1.86,-43.26
0.79,UMP-45,Grand Prix,0.43,4.3,2.17,-2.13,-1.86,-43.26
0.79,UMP-45,Grand Prix,0.43,4.3,2.17,-2.13,-1.86,-43.26
0.79,UMP-45,Grand Prix,0.43,4.3,2.17,-2.13,-1.86,-43.26
0.79,UMP-45,Grand Prix,0.43,4.3,2.17,-2.13,-1.86,-43.26
0.79,UMP-45,Grand Prix,0.43,4.3,2.17,-2.13,-1.86,-43.26
0.79,UMP-45,Grand Prix,0.43,4.3,2.17,-2.13,-1.86,-43.26
0.8,UMP-45,Grand Prix,0.43,4.3,2.17,-2.13,-1.86,-43.26
0.8,UMP-45,Grand Prix,0.43,4.3,2.17,-2.13,-1.86,-43.26
0.8,UMP-45,Grand Prix,0.43,4.3,2.17,-2.13,-1.86,-43.26
0.8,UMP-45,Grand Prix,0.43,4.3,2.17,-2.13,-1.86,-43.26
0.8,UMP-45,Grand Prix,0.43,4.3,2.17,-2.13,-1.86,-43.26
0.8,UMP-45,Grand Prix,0.43,4.3,2.17,-2.13,-1.86,-43.26
0.8,UMP-45,Grand Prix,0.43,4.3,2.17,-2.13,-1.86,-43.26
0.8,UMP-45,Grand Prix,0.43,4.3,2.17,-2.13,-1.86,-43.26
0.8,UMP-45,Grand Prix,0.43,4.3,2.17,-2.13,-1.86,-43.26
0.8,UMP-45,Grand Prix,0.43,4.3,2.17,-2.13,-1.86,-43.26
0.81,UMP-45,Grand Prix,0.43,4.3,2.17,-2.13,-1.86,-43.26
0.81,UMP-45,Grand Prix,0.43,4.3,2.17,-2.13,-1.86,-43.26
0.81,UMP-45,Grand Prix,0.43,4.3,2.17,-2.13,-1.86,-43.26
0.81,UMP-45,Grand Prix,0.43,4.3,2.17,-2.13,-1.86,-43.26
0.81,UMP-45,Grand Prix,0.43,4.3,2.17,-2.13,-1.86,-43.26
0.81,UMP-45,Grand Prix,0.43,4.3,2.17,-2.13,-1.86,-43.26
0.81,UMP-45,Grand Prix,0.43,4.3,2.17,-2.13,-1.86,-43.26
0.81,UMP-45,Grand Prix,0.43,4.3,2.17,-2.13,-1.86,-43.26
0.81,UMP-45,Grand Prix,0.43,4.3,2.17,-2.13,-1.86,-43.26
0.81,UMP-45,Grand Prix,0.43,4.3,2.17,-2.13,-1.86,-43.26
0.82,UMP-45,Grand Prix,0.43,4.3,2.17,-2.13,-1.86,-43.26
0.82,UMP-45,Grand Prix,0.43,4.3,2.17,-2.13,-1.86,-43.26
0.82,UMP-45,Grand Prix,0.43,4.3,2.17,-2.13,-1.86,-43.26
0.82,UMP-45,Grand Prix,0.43,4.3,2.17,-2.13,-1.86,-43.26
0.82,UMP-45,Grand Prix,0.43,4.3,2.17,-2.13,-1.86,-43.26
0.82,UMP-45,Grand Prix,0.43,4.3,2.17,-2.13,-1.86,-43.26
0.82,UMP-45,Grand Prix,0.43,4.3,2.17,-2.13,-1.86,-43.26
0.82,UMP-45,Grand Prix,0.43,4.3,2.17,-2.13,-1.86,-43.26
0.82,UMP-45,Grand Prix,0.43,4.3,2.17,-2.13,-1.86,-43.26
0.82,UMP-45,Grand Prix,0.43,4.3,2.17,-2.13,-1.86,-43.26
0.83,UMP-45,Grand Prix,0.43,4.3,2.17,-2.13,-1.86,-43.26
0.83,UMP-45,Grand Prix,0.43,4.3,2.17,-2.13,-1.86,-43.26
0.83,UMP-45,Grand Prix,0.43,4.3,2.17,-2.13,-1.86,-43.26
0.83,UMP-45,Grand Prix,0.43,4.3,2.17,-2.13,-1.86,-43.26
0.83,UMP-45,Grand Prix,0.43,4.3,2.17,-2.13,-1.86,-43.26
0.83,UMP-45,Grand Prix,0.43,4.3,2.17,-2.13,-1.86,-43.26
0.83,UMP-45,Grand Prix,0.43,4.3,2.17,-2.13,-1.86,-43.26
0.83,UMP-45,Grand Prix,0.43,4.3,2.17,-2.13,-1.86,-43.26
0.83,UMP-45,Grand Prix,0.43,4.3,2.17,-2.13,-1.86,-43.26
0.83,UMP-45,Grand Prix,0.43,4.3,2.17,-2.13,-1.86,-43.26
0.84,UMP-45,Grand Prix,0.43,4.3,2.17,-2.13,-1.86,-43.26
0.84,UMP-45,Grand Prix,0.43,4.3,2.17,-2.13,-1.86,-43.26
0.84,UMP-45,Grand Prix,0.43,4.3,2.17,-2.13,-1.86,-43.26
0.84,UMP-45,Grand Prix,0.43,4.3,2.17,-2.13,-1.86,-43.26
0.84,UMP-45,Grand Prix,0.43,4.3,2.17,-2.13,-1.86,-43.26
0.84,UMP-45,Grand Prix,0.43,4.3,2.17,-2.13,-1.86,-43.26
0.84,UMP-45,Grand Prix,0.43,4.3,2.17,-2.13,-1.86,-43.26
0.84,UMP-45,Grand Prix,0.43,4.3,2.17,-2.13,-1.86,-43.26
0.84,UMP-45,Grand Prix,0.43,4.3,2.17,-2.13,-1.86,-43.26
0.84,UMP-45,Grand Prix,0.43,4.3,2.17,-2.13,-1.86,-43.26
0.85,UMP-45,Grand Prix,0.43,4.3,2.17,-2.13,-1.86,-43.26
0.85,UMP-45,Grand Prix,0.43,4.3,2.17,-2.13,-1.86,-43.26
0.85,UMP-45,Grand Prix,0.43,4.3,2.17,-2.13,-1.86,-43.26
0.85,UMP-45,Grand Prix,0.43,4.3,2.17,-2.13,-1.86,-43.26
0.85,UMP-45,Grand Prix,0.43,4.3,2.17,-2.13,-1.86,-43.26
0.85,UMP-45,Grand Prix,0.43,4.3,2.17,-2.13,-1.86,-43.26
0.85,UMP-45,Grand Prix,0.43,4.3,2.17,-2.13,-1.86,-43.26
0.85,UMP-45,Grand Prix,0.43,4.3,2.17,-2.13,-1.86,-43.26
0.85,UMP-45,Grand Prix,0.43,4.3,2.17,-2.13,-1.86,-43.26
0.85,UMP-45,Grand Prix,0.43,4.3,2.17,-2.13,-1.86,-43.26
0.86,UMP-45,Grand Prix,0.43,4.3,2.17,-2.13,-1.86,-43.26
0.86,UMP-45,Grand Prix,0.43,4.3,2.17,-2.13,-1.86,-43.26
0.86,UMP-45,Grand Prix,0.43,4.3,2.17,-2.13,-1.86,-43.26
0.86,UMP-45,Grand Prix,0.43,4.3,2.17,-2.13,-1.86,-43.26
0.86,UMP-45,Grand Prix,0.43,4.3,2.17,-2.13,-1.86,-43.26
0.86,UMP-45,Grand Prix,0.43,4.3,2.17,-2.13,-1.86,-43.26
0.86,UMP-45,Grand Prix,0.43,4.3,2.17,-2.13,-1.86,-43.26
0.86,UMP-45,Grand Prix,0.43,4.3,2.17,-2.13,-1.86,-43.26
0.86,UMP-45,Grand Prix,0.43,4.3,2.17,-2.13,-1.86,-43.26
0.86,UMP-45,Grand Prix,0.43,4.3,2.17,-2.13,-1.86,-43.26
0.87,UMP-45,Grand Prix,0.43,4.3,2.17,-2.13,-1.86,-43.26
0.87,UMP-45,Grand Prix,0.43,4.3,2.17,-2.13,-1.86,-43.26
0.87,UMP-45,Grand Prix,0.43,4.3,2.17,-2.13,-1.86,-43.26
0.87,UMP-45,Grand Prix,0.43,4.3,2.17,-2.13,-1.86,-43.26
0.87,UMP-45,Grand Prix,0.43,4.3,2.17,-2.13,-1.86,-43.26
0.87,UMP-45,Grand Prix,0.43,4.3,2.17,-2.13,-1.86,-43.26
0.87,UMP-45,Grand Prix,0.43,4.3,2.17,-2.13,-1.86,-43.26
0.87,UMP-45,Grand Prix,0.43,4.3,2.17,-2.13,-1.86,-43.26
0.87,UMP-45,Grand Prix,0.43,4.3,2.17,-2.13,-1.86,-43.26
0.87,UMP-45,Grand Prix,0.43,4.3,2.17,-2.13,-1.86,-43.26
0.88,UMP-45,Grand Prix,0.43,4.3,2.17,-2.13,-1.86,-43.26
0.88,UMP-45,Grand Prix,0.43,4.3,2.17,-2.13,-1.86,-43.26
0.88,UMP-45,Grand Prix,0.43,4.3,2.17,-2.13,-1.86,-43.26
0.88,UMP-45,Grand Prix,0.43,4.3,2.17,-2.13,-1.86,-43.26
0.88,UMP-45,Grand Prix,0.43,4.3,2.17,-2.13,-1.86,-43.26
0.88,UMP-45,Grand Prix,0.43,4.3,2.17,-2.13,-1.86,-43.26
0.88,UMP-45,Grand Prix,0.43,4.3,2.17,-2.13,-1.86,-43.26
0.88,UMP-45,Grand Prix,0.43,4.3,2.17,-2.13,-1.86,-43.26
0.88,UMP-45,Grand Prix,0.43,4.3,2.17,-2.13,-1.86,-43.26
0.88,UMP-45,Grand Prix,0.43,4.3,2.17,-2.13,-1.86,-43.26
0.89,UMP-45,Grand Prix,0.43,4.3,2.17,-2.13,-1.86,-43.26
0.89,UMP-45,Grand Prix,0.43,4.3,2.17,-2.13,-1.86,-43.26
0.89,UMP-45,Grand Prix,0.43,4.3,2.17,-2.13,-1.86,-43.26
0.89,UMP-45,Grand Prix,0.43,4.3,2.17,-2.13,-1.86,-43.26
0.89,UMP-45,Grand Prix,0.43,4.3,2.17,-2.13,-1.86,-43.26
0.89,UMP-45,Grand Prix,0.43,4.3,2.17,-2.13,-1.86,-43.26
0.89,UMP-45,Grand Prix,0.43,4.3,2.17,-2.13,-1.86,-43.26
0.89,UMP-45,Grand Prix,0.43,4.3,2.17,-2.13,-1.86,-43.26
0.89,UMP-45,Grand Prix,0.43,4.3,2.17,-2.13,-1.86,-43.26
0.89,UMP-45,Grand Prix,0.43,4.3,2.17,-2.13,-1.86,-43.26
0.9,UMP-45,Grand Prix,0.43,4.3,2.17,-2.13,-1.86,-43.26
0.9,UMP-45,Grand Prix,0.43,4.3,2.17,-2.13,-1.86,-43.26
0.9,UMP-45,Grand Prix,0.43,4.3,2.17,-2.13,-1.86,-43.26
0.9,UMP-45,Grand Prix,0.43,4.3,2.17,-2.13,-1.86,-43.26
0.9,UMP-45,Grand Prix,0.43,4.3,2.17,-2.13,-1.86,-43.26
0.9,UMP-45,Grand Prix,0.43,4.3,2.17,-2.13,-1.86,-43.26
0.9,UMP-45,Grand Prix,0.43,4.3,2.17,-2.13,-1.86,-43.26
0.9,UMP-45,Grand Prix,0.43,4.3,2.17,-2.13,-1.86,-43.26
0.9,UMP-45,Grand Prix,0.43,4.3,2.17,-2.13,-1.86,-43.26
0.9,UMP-45,Grand Prix,0.43,4.3,2.17,-2.13,-1.86,-43.26
0.91,UMP-45,Grand Prix,0.43,4.3,2.17,-2.13,-1.86,-43.26
0.91,UMP-45,Grand Prix,0.43,4.3,2.17,-2.13,-1.86,-43.26
0.91,UMP-45,Grand Prix,0.43,4.3,2.17,-2.13,-1.86,-43.26
0.91,UMP-45,Grand Prix,0.43,4.3,2.17,-2.13,-1.86,-43.26
0.91,UMP-45,Grand Prix,0.43,4.3,2.17,-2.13,-1.86,-43.26
0.91,UMP-45,Grand Prix,0.43,4.3,2.17,-2.13,-1.86,-43.26
0.91,UMP-45,Grand Prix,0.43,4.3,2.17,-2.13,-1.86,-43.26
0.91,UMP-45,Grand Prix,0.43,4.3,2.17,-2.13,-1.86,-43.26
0.91,UMP-45,Grand Prix,0.43,4.3,2.17,-2.13,-1.86,-43.26
0.91,UMP-45,Grand Prix,0.43,4.3,2.17,-2.13,-1.86,-43.26
0.92,UMP-45,Grand Prix,0.43,4.3,2.17,-2.13,-1.86,-43.26
0.92,UMP-45,Grand Prix,0.43,4.3,2.17,-2.13,-1.86,-43.26
0.92,UMP-45,Grand Prix,0.43,4.3,2.17,-2.13,-1.86,-43.26
0.92,UMP-45,Grand Prix,0.43,4.3,2.17,-2.13,-1.86,-43.26
0.92,UMP-45,Grand Prix,0.43,4.3,2.17,-2.13,-1.86,-43.26
0.92,UMP-45,Grand Prix,0.43,4.3,2.17,-2.13,-1.86,-43.26
0.92,UMP-45,Grand Prix,0.43,4.3,2.17,-2.13,-1.86,-43.26
0.92,UMP-45,Grand Prix,0.43,4.3,2.17,-2.13,-1.86,-43.26
0.92,UMP-45,Grand Prix,0.43,4.3,2.17,-2.13,-1.86,-43.26
0.92,UMP-45,Grand Prix,0.43,4.3,2.17,-2.13,-1.86,-43.26
0.93,UMP-45,Grand Prix,0.43,4.3,2.17,-2.13,-1.86,-43.26
0.93,UMP-45,Grand Prix,0.43,4.3,2.17,-2.13,-1.86,-43.26
0.93,UMP-45,Grand Prix,0.43,4.3,2.17,-2.13,-1.86,-43.26
0.93,UMP-45,Grand Prix,0.43,4.3,2.17,-2.13,-1.86,-43.26
0.93,UMP-45,Grand Prix,0.43,4.3,2.17,-2.13,-1.86,-43.26
0.93,UMP-45,Grand Prix,0.43,4.3,2.17,-2.13,-1.86,-43.26
0.93,UMP-45,Grand Prix,0.43,4.3,2.17,-2.13,-1.86,-43.26
0.93,UMP-45,Grand Prix,0.43,4.3,2.17,-2.13,-1.86,-43.26
0.93,UMP-45,Grand Prix,0.43,4.3,2.17,-2.13,-1.86,-43.26
0.93,UMP-45,Grand Prix,0.43,4.3,2.17,-2.13,-1.86,-43.26
0.94,UMP-45,Grand Prix,0.43,4.3,2.17,-2.13,-1.86,-43.26
0.94,UMP-45,Grand Prix,0.43,4.3,2.17,-2.13,-1.86,-43.26
0.94,UMP-45,Grand Prix,0.43,4.3,2.17,-2.13,-1.86,-43.26
0.94,UMP-45,Grand Prix,0.43,4.3,2.17,-2.13,-1.86,-43.26
0.94,UMP-45,Grand Prix,0.43,4.3,2.17,-2.13,-1.86,-43.26
0.94,UMP-45,Grand Prix,0.43,4.3,2.17,-2.13,-1.86,-43.26
0.94,UMP-45,Grand Prix,0.43,4.3,2.17,-2.13,-1.86,-43.26
0.94,UMP-45,Grand Prix,0.43,4.3,2.17,-2.13,-1.86,-43.26
0.94,UMP-45,Grand Prix,0.43,4.3,2.17,-2.13,-1.86,-43.26
0.94,UMP-45,Grand Prix,0.43,4.3,2.17,-2.13,-1.86,-43.26
0.95,UMP-45,Grand Prix,0.43,4.3,2.17,-2.13,-1.86,-43.26
0.95,UMP-45,Grand Prix,0.43,4.3,2.17,-2.13,-1.86,-43.26
0.95,UMP-45,Grand Prix,0.43,4.3,2.17,-2.13,-1.86,-43.26
0.95,UMP-45,Grand Prix,0.43,4.3,2.17,-2.13,-1.86,-43.26
0.95,UMP-45,Grand Prix,0.43,4.3,2.17,-2.13,-1.86,-43.26
0.95,UMP-45,Grand Prix,0.43,4.3,2.17,-2.13,-1.86,-43.26
0.95,UMP-45,Grand Prix,0.43,4.3,2.17,-2.13,-1.86,-43.26
0.95,UMP-45,Grand Prix,0.43,4.3,2.17,-2.13,-1.86,-43.26
0.95,UMP-45,Grand Prix,0.43,4.3,2.17,-2.13,-1.86,-43.26
0.95,UMP-45,Grand Prix,0.43,4.3,2.17,-2.13,-1.86,-43.26
0.96,UMP-45,Grand Prix,0.43,4.3,2.17,-2.13,-1.86,-43.26
0.96,UMP-45,Grand Prix,0.43,4.3,2.17,-2.13,-1.86,-43.26
0.96,UMP-45,Grand Prix,0.43,4.3,2.17,-2.13,-1.86,-43.26
0.96,UMP-45,Grand Prix,0.43,4.3,2.17,-2.13,-1.86,-43.26
0.96,UMP-45,Grand Prix,0.43,4.3,2.17,-2.13,-1.86,-43.26
0.96,UMP-45,Grand Prix,0.43,4.3,2.17,-2.13,-1.86,-43.26
0.96,UMP-45,Grand Prix,0.43,4.3,2.17,-2.13,-1.86,-43.26
0.96,UMP-45,Grand Prix,0.43,4.3,2.17,-2.13,-1.86,-43.26
0.96,UMP-45,Grand Prix,0.43,4.3,2.17,-2.13,-1.86,-43.26
0.96,UMP-45,Grand Prix,0.43,4.3,2.17,-2.13,-1.86,-43.26
0.97,UMP-45,Grand Prix,0.43,4.3,2.17,-2.13,-1.86,-43.26
0.97,UMP-45,Grand Prix,0.43,4.3,2.17,-2.13,-1.86,-43.26
0.97,UMP-45,Grand Prix,0.43,4.3,2.17,-2.13,-1.86,-43.26
0.97,UMP-45,Grand Prix,0.43,4.3,2.17,-2.13,-1.86,-43.26
0.97,UMP-45,Grand Prix,0.43,4.3,2.17,-2.13,-1.86,-43.26
0.97,UMP-45,Grand Prix,0.43,4.3,2.17,-2.13,-1.86,-43.26
0.97,UMP-45,Grand Prix,0.43,4.3,2.17,-2.13,-1.86,-43.26
0.97,UMP-45,Grand Prix,0.43,4.3,2.17,-2.13,-1.86,-43.26
0.97,UMP-45,Grand Prix,0.43,4.3,2.17,-2.13,-1.86,-43.26
0.97,UMP-45,Grand Prix,0.43,4.3,2.17,-2.13,-1.86,-43.26
0.98,UMP-45,Grand Prix,0.43,4.3,2.17,-2.13,-1.86,-43.26
0.98,UMP-45,Grand Prix,0.43,4.3,2.17,-2.13,-1.86,-43.26
0.98,UMP-45,Grand Prix,0.43,4.3,2.17,-2.13,-1.86,-43.26
0.98,UMP-45,Grand Prix,0.43,4.3,2.17,-2.13,-1.86,-43.26
0.98,UMP-45,Grand Prix,0.43,4.3,2.17,-2.13,-1.86,-43.26
0.98,UMP-45,Grand Prix,0.43,4.3,2.17,-2.13,-1.86,-43.26
0.98,UMP-45,Grand Prix,0.43,4.3,2.17,-2.13,-1.86,-43.26
0.98,UMP-45,Grand Prix,0.43,4.3,2.17,-2.13,-1.86,-43.26
0.98,UMP-45,Grand Prix,0.43,4.3,2.17,-2.13,-1.86,-43.26
0.98,UMP-45,Grand Prix,0.43,4.3,2.17,-2.13,-1.86,-43.26
0.99,UMP-45,Grand Prix,0.43,4.3,2.17,-2.13,-1.86,-43.26
0.99,UMP-45,Grand Prix,0.43,4.3,2.17,-2.13,-1.86,-43.26
0.99,UMP-45,Grand Prix,0.43,4.3,2.17,-2.13,-1.86,-43.26
0.99,UMP-45,Grand Prix,0.43,4.3,2.17,-2.13,-1.86,-43.26
0.99,UMP-45,Grand Prix,0.43,4.3,2.17,-2.13,-1.86,-43.26
0.99,UMP-45,Grand Prix,0.43,4.3,2.17,-2.13,-1.86,-43.26
0.99,UMP-45,Grand Prix,0.43,4.3,2.17,-2.13,-1.86,-43.26
0.99,UMP-45,Grand Prix,0.43,4.3,2.17,-2.13,-1.86,-43.26
0.99,UMP-45,Grand Prix,0.43,4.3,2.17,-2.13,-1.86,-43.26
0.99,UMP-45,Grand Prix,0.43,4.3,2.17,-2.13,-1.86,-43.26
1.0,UMP-45,Grand Prix,0.43,4.3,2.17,-2.13,-1.86,-43.26
1.0,UMP-45,Grand Prix,0.43,4.3,2.17,-2.13,-1.86,-43.26
1.0,UMP-45,Grand Prix,0.43,4.3,2.17,-2.13,-1.86,-43.26
1.0,UMP-45,Grand Prix,0.43,4.3,2.17,-2.13,-1.86,-43.26
1.0,UMP-45,Grand Prix,0.43,4.3,2.17,-2.13,-1.86,-43.26
